throughput_tok_s,ttft_p50_s,ttft_p95_s,ttft_p99_s,tpot_mean_ms,hit_rate,req_per_s,pd,conc,policy,sla_pass
683.2427082214884,1.3581376923066273,3.6366810256408826,5.119403846153546,10.42169499999991,0.005081555218783225,0.4697852223013626,1:5,8,rr,True
683.2427082214884,1.3581376923066273,3.6366810256408826,5.119403846153546,10.42169499999991,0.005081555218783225,0.4697852223013626,1:5,8,ll,True
683.2427082214884,1.3581376923066273,3.6366810256408826,5.119403846153546,10.42169499999991,0.005081555218783225,0.4697852223013626,1:5,8,kv-nvda,True
683.2427082214884,1.3581376923066273,3.6366810256408826,5.119403846153546,10.42169499999991,0.005081555218783225,0.4697852223013626,1:5,8,kv-t-c0.5,True
683.2427082214884,1.3581376923066273,3.6366810256408826,5.119403846153546,10.42169499999991,0.005081555218783225,0.4697852223013626,1:5,8,kv-t-c0.6,True
683.2427082214884,1.3581376923066273,3.6366810256408826,5.119403846153546,10.42169499999991,0.005081555218783225,0.4697852223013626,1:5,8,kv-t-c0.7,True
683.2427082214884,1.3581376923066273,3.6366810256408826,5.119403846153546,10.42169499999991,0.005081555218783225,0.4697852223013626,1:5,8,kv-t-c0.8,True
683.2427082214884,1.3581376923066273,3.6366810256408826,5.119403846153546,10.42169499999991,0.005081555218783225,0.4697852223013626,1:5,8,kv-t-c0.9,True
683.2427082214884,1.3581376923066273,3.6366810256408826,5.119403846153546,10.42169499999991,0.005081555218783225,0.4697852223013626,1:5,8,kv-t-c1.0,True
683.2427082214884,1.3581376923066273,3.6366810256408826,5.119403846153546,10.42169499999991,0.005081555218783225,0.4697852223013626,1:5,8,kv-s1.5-c0.8,True
683.2427082214884,1.3581376923066273,3.6366810256408826,5.119403846153546,10.42169499999991,0.005081555218783225,0.4697852223013626,1:5,8,kv-s3.0-c0.8,True
1174.566243582375,3.2246158974362515,8.162593846153868,11.429217692308157,10.52623999999989,0.005081555218783225,0.807610322377778,1:5,16,rr,False
1174.566243582375,3.2246158974362515,8.162593846153868,11.429217692308157,10.52623999999989,0.005081555218783225,0.807610322377778,1:5,16,ll,False
1174.566243582375,3.2246158974362515,8.162593846153868,11.429217692308157,10.52623999999989,0.005081555218783225,0.807610322377778,1:5,16,kv-nvda,False
1174.566243582375,3.2246158974362515,8.162593846153868,11.429217692308157,10.52623999999989,0.005081555218783225,0.807610322377778,1:5,16,kv-t-c0.5,False
1174.566243582375,3.2246158974362515,8.162593846153868,11.429217692308157,10.52623999999989,0.005081555218783225,0.807610322377778,1:5,16,kv-t-c0.6,False
1174.566243582375,3.2246158974362515,8.162593846153868,11.429217692308157,10.52623999999989,0.005081555218783225,0.807610322377778,1:5,16,kv-t-c0.7,False
1174.566243582375,3.2246158974362515,8.162593846153868,11.429217692308157,10.52623999999989,0.005081555218783225,0.807610322377778,1:5,16,kv-t-c0.8,False
1174.566243582375,3.2246158974362515,8.162593846153868,11.429217692308157,10.52623999999989,0.005081555218783225,0.807610322377778,1:5,16,kv-t-c0.9,False
1174.566243582375,3.2246158974362515,8.162593846153868,11.429217692308157,10.52623999999989,0.005081555218783225,0.807610322377778,1:5,16,kv-t-c1.0,False
1174.566243582375,3.2246158974362515,8.162593846153868,11.429217692308157,10.52623999999989,0.005081555218783225,0.807610322377778,1:5,16,kv-s1.5-c0.8,False
1174.566243582375,3.2246158974362515,8.162593846153868,11.429217692308157,10.52623999999989,0.005081555218783225,0.807610322377778,1:5,16,kv-s3.0-c0.8,False
1288.6576203913453,10.23461923076934,16.507816666666713,21.830114102564494,10.638835000000173,0.005081555218783225,0.8860574717903049,1:5,24,rr,False
1288.6576203913453,10.23461923076934,16.507816666666713,21.830114102564494,10.638835000000173,0.005081555218783225,0.8860574717903049,1:5,24,ll,False
1288.6576203913453,10.23461923076934,16.507816666666713,21.830114102564494,10.638835000000173,0.005081555218783225,0.8860574717903049,1:5,24,kv-nvda,False
1288.6576203913453,10.23461923076934,16.507816666666713,21.830114102564494,10.638835000000173,0.005081555218783225,0.8860574717903049,1:5,24,kv-t-c0.5,False
1288.6576203913453,10.23461923076934,16.507816666666713,21.830114102564494,10.638835000000173,0.005081555218783225,0.8860574717903049,1:5,24,kv-t-c0.6,False
1288.6576203913453,10.23461923076934,16.507816666666713,21.830114102564494,10.638835000000173,0.005081555218783225,0.8860574717903049,1:5,24,kv-t-c0.7,False
1288.6576203913453,10.23461923076934,16.507816666666713,21.830114102564494,10.638835000000173,0.005081555218783225,0.8860574717903049,1:5,24,kv-t-c0.8,False
1288.6576203913453,10.23461923076934,16.507816666666713,21.830114102564494,10.638835000000173,0.005081555218783225,0.8860574717903049,1:5,24,kv-t-c0.9,False
1288.6576203913453,10.23461923076934,16.507816666666713,21.830114102564494,10.638835000000173,0.005081555218783225,0.8860574717903049,1:5,24,kv-t-c1.0,False
1288.6576203913453,10.23461923076934,16.507816666666713,21.830114102564494,10.638835000000173,0.005081555218783225,0.8860574717903049,1:5,24,kv-s1.5-c0.8,False
1288.6576203913453,10.23461923076934,16.507816666666713,21.830114102564494,10.638835000000173,0.005081555218783225,0.8860574717903049,1:5,24,kv-s3.0-c0.8,False
1288.8894696412096,18.562489230769188,25.702884102563985,33.093214358975274,10.750100000000254,0.005081555218783225,0.886216887105064,1:5,32,rr,False
1288.8894696412096,18.562489230769188,25.702884102563985,33.093214358975274,10.750100000000254,0.005081555218783225,0.886216887105064,1:5,32,ll,False
1288.8894696412096,18.562489230769188,25.702884102563985,33.093214358975274,10.750100000000254,0.005081555218783225,0.886216887105064,1:5,32,kv-nvda,False
1288.8894696412096,18.562489230769188,25.702884102563985,33.093214358975274,10.750100000000254,0.005081555218783225,0.886216887105064,1:5,32,kv-t-c0.5,False
1288.8894696412096,18.562489230769188,25.702884102563985,33.093214358975274,10.750100000000254,0.005081555218783225,0.886216887105064,1:5,32,kv-t-c0.6,False
1288.8894696412096,18.562489230769188,25.702884102563985,33.093214358975274,10.750100000000254,0.005081555218783225,0.886216887105064,1:5,32,kv-t-c0.7,False
1288.8894696412096,18.562489230769188,25.702884102563985,33.093214358975274,10.750100000000254,0.005081555218783225,0.886216887105064,1:5,32,kv-t-c0.8,False
1288.8894696412096,18.562489230769188,25.702884102563985,33.093214358975274,10.750100000000254,0.005081555218783225,0.886216887105064,1:5,32,kv-t-c0.9,False
1288.8894696412096,18.562489230769188,25.702884102563985,33.093214358975274,10.750100000000254,0.005081555218783225,0.886216887105064,1:5,32,kv-t-c1.0,False
1288.8894696412096,18.562489230769188,25.702884102563985,33.093214358975274,10.750100000000254,0.005081555218783225,0.886216887105064,1:5,32,kv-s1.5-c0.8,False
1288.8894696412096,18.562489230769188,25.702884102563985,33.093214358975274,10.750100000000254,0.005081555218783225,0.886216887105064,1:5,32,kv-s3.0-c0.8,False
1286.3051110252782,35.6046923076924,45.55320512820481,54.102461538462194,10.973680000000083,0.005081555218783225,0.8844399292652179,1:5,48,rr,False
1286.3051110252782,35.6046923076924,45.55320512820481,54.102461538462194,10.973680000000083,0.005081555218783225,0.8844399292652179,1:5,48,ll,False
1286.3051110252782,35.6046923076924,45.55320512820481,54.102461538462194,10.973680000000083,0.005081555218783225,0.8844399292652179,1:5,48,kv-nvda,False
1286.3051110252782,35.6046923076924,45.55320512820481,54.102461538462194,10.973680000000083,0.005081555218783225,0.8844399292652179,1:5,48,kv-t-c0.5,False
1286.3051110252782,35.6046923076924,45.55320512820481,54.102461538462194,10.973680000000083,0.005081555218783225,0.8844399292652179,1:5,48,kv-t-c0.6,False
1286.3051110252782,35.6046923076924,45.55320512820481,54.102461538462194,10.973680000000083,0.005081555218783225,0.8844399292652179,1:5,48,kv-t-c0.7,False
1286.3051110252782,35.6046923076924,45.55320512820481,54.102461538462194,10.973680000000083,0.005081555218783225,0.8844399292652179,1:5,48,kv-t-c0.8,False
1286.3051110252782,35.6046923076924,45.55320512820481,54.102461538462194,10.973680000000083,0.005081555218783225,0.8844399292652179,1:5,48,kv-t-c0.9,False
1286.3051110252782,35.6046923076924,45.55320512820481,54.102461538462194,10.973680000000083,0.005081555218783225,0.8844399292652179,1:5,48,kv-t-c1.0,False
1286.3051110252782,35.6046923076924,45.55320512820481,54.102461538462194,10.973680000000083,0.005081555218783225,0.8844399292652179,1:5,48,kv-s1.5-c0.8,False
1286.3051110252782,35.6046923076924,45.55320512820481,54.102461538462194,10.973680000000083,0.005081555218783225,0.8844399292652179,1:5,48,kv-s3.0-c0.8,False
1283.723163762509,52.45302410256272,64.68065871794943,72.45066948718022,11.196454999999503,0.005081555218783225,0.8826646294278179,1:5,64,rr,False
1283.723163762509,52.45302410256272,64.68065871794943,72.45066948718022,11.196454999999503,0.005081555218783225,0.8826646294278179,1:5,64,ll,False
1283.723163762509,52.45302410256272,64.68065871794943,72.45066948718022,11.196454999999503,0.005081555218783225,0.8826646294278179,1:5,64,kv-nvda,False
1283.723163762509,52.45302410256272,64.68065871794943,72.45066948718022,11.196454999999503,0.005081555218783225,0.8826646294278179,1:5,64,kv-t-c0.5,False
1283.723163762509,52.45302410256272,64.68065871794943,72.45066948718022,11.196454999999503,0.005081555218783225,0.8826646294278179,1:5,64,kv-t-c0.6,False
1283.723163762509,52.45302410256272,64.68065871794943,72.45066948718022,11.196454999999503,0.005081555218783225,0.8826646294278179,1:5,64,kv-t-c0.7,False
1283.723163762509,52.45302410256272,64.68065871794943,72.45066948718022,11.196454999999503,0.005081555218783225,0.8826646294278179,1:5,64,kv-t-c0.8,False
1283.723163762509,52.45302410256272,64.68065871794943,72.45066948718022,11.196454999999503,0.005081555218783225,0.8826646294278179,1:5,64,kv-t-c0.9,False
1283.723163762509,52.45302410256272,64.68065871794943,72.45066948718022,11.196454999999503,0.005081555218783225,0.8826646294278179,1:5,64,kv-t-c1.0,False
1283.723163762509,52.45302410256272,64.68065871794943,72.45066948718022,11.196454999999503,0.005081555218783225,0.8826646294278179,1:5,64,kv-s1.5-c0.8,False
1283.723163762509,52.45302410256272,64.68065871794943,72.45066948718022,11.196454999999503,0.005081555218783225,0.8826646294278179,1:5,64,kv-s3.0-c0.8,False
1278.590240719705,86.11984230769099,101.30811974358903,110.93614974358889,11.644455000000127,0.005081555218783225,0.8791353251795568,1:5,96,rr,False
1278.590240719705,86.11984230769099,101.30811974358903,110.93614974358889,11.644455000000127,0.005081555218783225,0.8791353251795568,1:5,96,ll,False
1278.590240719705,86.11984230769099,101.30811974358903,110.93614974358889,11.644455000000127,0.005081555218783225,0.8791353251795568,1:5,96,kv-nvda,False
1278.590240719705,86.11984230769099,101.30811974358903,110.93614974358889,11.644455000000127,0.005081555218783225,0.8791353251795568,1:5,96,kv-t-c0.5,False
1278.590240719705,86.11984230769099,101.30811974358903,110.93614974358889,11.644455000000127,0.005081555218783225,0.8791353251795568,1:5,96,kv-t-c0.6,False
1278.590240719705,86.11984230769099,101.30811974358903,110.93614974358889,11.644455000000127,0.005081555218783225,0.8791353251795568,1:5,96,kv-t-c0.7,False
1278.590240719705,86.11984230769099,101.30811974358903,110.93614974358889,11.644455000000127,0.005081555218783225,0.8791353251795568,1:5,96,kv-t-c0.8,False
1278.590240719705,86.11984230769099,101.30811974358903,110.93614974358889,11.644455000000127,0.005081555218783225,0.8791353251795568,1:5,96,kv-t-c0.9,False
1278.590240719705,86.11984230769099,101.30811974358903,110.93614974358889,11.644455000000127,0.005081555218783225,0.8791353251795568,1:5,96,kv-t-c1.0,False
1278.590240719705,86.11984230769099,101.30811974358903,110.93614974358889,11.644455000000127,0.005081555218783225,0.8791353251795568,1:5,96,kv-s1.5-c0.8,False
1278.590240719705,86.11984230769099,101.30811974358903,110.93614974358889,11.644455000000127,0.005081555218783225,0.8791353251795568,1:5,96,kv-s3.0-c0.8,False
1272.6534692625378,120.3989476923075,138.49743589743593,149.36694666666563,12.092279999999773,0.005081555218783225,0.8750533094255686,1:5,128,rr,False
1272.6534692625378,120.3989476923075,138.49743589743593,149.36694666666563,12.092279999999773,0.005081555218783225,0.8750533094255686,1:5,128,ll,False
1272.6534692625378,120.3989476923075,138.49743589743593,149.36694666666563,12.092279999999773,0.005081555218783225,0.8750533094255686,1:5,128,kv-nvda,False
1272.6534692625378,120.3989476923075,138.49743589743593,149.36694666666563,12.092279999999773,0.005081555218783225,0.8750533094255686,1:5,128,kv-t-c0.5,False
1272.6534692625378,120.3989476923075,138.49743589743593,149.36694666666563,12.092279999999773,0.005081555218783225,0.8750533094255686,1:5,128,kv-t-c0.6,False
1272.6534692625378,120.3989476923075,138.49743589743593,149.36694666666563,12.092279999999773,0.005081555218783225,0.8750533094255686,1:5,128,kv-t-c0.7,False
1272.6534692625378,120.3989476923075,138.49743589743593,149.36694666666563,12.092279999999773,0.005081555218783225,0.8750533094255686,1:5,128,kv-t-c0.8,False
1272.6534692625378,120.3989476923075,138.49743589743593,149.36694666666563,12.092279999999773,0.005081555218783225,0.8750533094255686,1:5,128,kv-t-c0.9,False
1272.6534692625378,120.3989476923075,138.49743589743593,149.36694666666563,12.092279999999773,0.005081555218783225,0.8750533094255686,1:5,128,kv-t-c1.0,False
1272.6534692625378,120.3989476923075,138.49743589743593,149.36694666666563,12.092279999999773,0.005081555218783225,0.8750533094255686,1:5,128,kv-s1.5-c0.8,False
1272.6534692625378,120.3989476923075,138.49743589743593,149.36694666666563,12.092279999999773,0.005081555218783225,0.8750533094255686,1:5,128,kv-s3.0-c0.8,False
1267.608514186537,154.464292820511,176.5264646153837,186.2985323076923,12.540000000000576,0.005081555218783225,0.8715844903465494,1:5,160,rr,False
1267.608514186537,154.464292820511,176.5264646153837,186.2985323076923,12.540000000000576,0.005081555218783225,0.8715844903465494,1:5,160,ll,False
1267.608514186537,154.464292820511,176.5264646153837,186.2985323076923,12.540000000000576,0.005081555218783225,0.8715844903465494,1:5,160,kv-nvda,False
1267.608514186537,154.464292820511,176.5264646153837,186.2985323076923,12.540000000000576,0.005081555218783225,0.8715844903465494,1:5,160,kv-t-c0.5,False
1267.608514186537,154.464292820511,176.5264646153837,186.2985323076923,12.540000000000576,0.005081555218783225,0.8715844903465494,1:5,160,kv-t-c0.6,False
1267.608514186537,154.464292820511,176.5264646153837,186.2985323076923,12.540000000000576,0.005081555218783225,0.8715844903465494,1:5,160,kv-t-c0.7,False
1267.608514186537,154.464292820511,176.5264646153837,186.2985323076923,12.540000000000576,0.005081555218783225,0.8715844903465494,1:5,160,kv-t-c0.8,False
1267.608514186537,154.464292820511,176.5264646153837,186.2985323076923,12.540000000000576,0.005081555218783225,0.8715844903465494,1:5,160,kv-t-c0.9,False
1267.608514186537,154.464292820511,176.5264646153837,186.2985323076923,12.540000000000576,0.005081555218783225,0.8715844903465494,1:5,160,kv-t-c1.0,False
1267.608514186537,154.464292820511,176.5264646153837,186.2985323076923,12.540000000000576,0.005081555218783225,0.8715844903465494,1:5,160,kv-s1.5-c0.8,False
1267.608514186537,154.464292820511,176.5264646153837,186.2985323076923,12.540000000000576,0.005081555218783225,0.8715844903465494,1:5,160,kv-s3.0-c0.8,False
1262.6110717166941,188.62594769230873,213.93103230769248,225.3987046153843,12.988559999999554,0.005081555218783225,0.8681483400687885,1:5,192,rr,False
1262.6110717166941,188.62594769230873,213.93103230769248,225.3987046153843,12.988559999999554,0.005081555218783225,0.8681483400687885,1:5,192,ll,False
1262.6110717166941,188.62594769230873,213.93103230769248,225.3987046153843,12.988559999999554,0.005081555218783225,0.8681483400687885,1:5,192,kv-nvda,False
1262.6110717166941,188.62594769230873,213.93103230769248,225.3987046153843,12.988559999999554,0.005081555218783225,0.8681483400687885,1:5,192,kv-t-c0.5,False
1262.6110717166941,188.62594769230873,213.93103230769248,225.3987046153843,12.988559999999554,0.005081555218783225,0.8681483400687885,1:5,192,kv-t-c0.6,False
1262.6110717166941,188.62594769230873,213.93103230769248,225.3987046153843,12.988559999999554,0.005081555218783225,0.8681483400687885,1:5,192,kv-t-c0.7,False
1262.6110717166941,188.62594769230873,213.93103230769248,225.3987046153843,12.988559999999554,0.005081555218783225,0.8681483400687885,1:5,192,kv-t-c0.8,False
1262.6110717166941,188.62594769230873,213.93103230769248,225.3987046153843,12.988559999999554,0.005081555218783225,0.8681483400687885,1:5,192,kv-t-c0.9,False
1262.6110717166941,188.62594769230873,213.93103230769248,225.3987046153843,12.988559999999554,0.005081555218783225,0.8681483400687885,1:5,192,kv-t-c1.0,False
1262.6110717166941,188.62594769230873,213.93103230769248,225.3987046153843,12.988559999999554,0.005081555218783225,0.8681483400687885,1:5,192,kv-s1.5-c0.8,False
1262.6110717166941,188.62594769230873,213.93103230769248,225.3987046153843,12.988559999999554,0.005081555218783225,0.8681483400687885,1:5,192,kv-s3.0-c0.8,False
1251.900968393495,256.6665705128221,290.7038733333329,297.2199751282037,13.884384999999744,0.005081555218783225,0.8607842683999423,1:5,256,rr,False
1251.900968393495,256.6665705128221,290.7038733333329,297.2199751282037,13.884384999999744,0.005081555218783225,0.8607842683999423,1:5,256,ll,False
1251.900968393495,256.6665705128221,290.7038733333329,297.2199751282037,13.884384999999744,0.005081555218783225,0.8607842683999423,1:5,256,kv-nvda,False
1251.900968393495,256.6665705128221,290.7038733333329,297.2199751282037,13.884384999999744,0.005081555218783225,0.8607842683999423,1:5,256,kv-t-c0.5,False
1251.900968393495,256.6665705128221,290.7038733333329,297.2199751282037,13.884384999999744,0.005081555218783225,0.8607842683999423,1:5,256,kv-t-c0.6,False
1251.900968393495,256.6665705128221,290.7038733333329,297.2199751282037,13.884384999999744,0.005081555218783225,0.8607842683999423,1:5,256,kv-t-c0.7,False
1251.900968393495,256.6665705128221,290.7038733333329,297.2199751282037,13.884384999999744,0.005081555218783225,0.8607842683999423,1:5,256,kv-t-c0.8,False
1251.900968393495,256.6665705128221,290.7038733333329,297.2199751282037,13.884384999999744,0.005081555218783225,0.8607842683999423,1:5,256,kv-t-c0.9,False
1251.900968393495,256.6665705128221,290.7038733333329,297.2199751282037,13.884384999999744,0.005081555218783225,0.8607842683999423,1:5,256,kv-t-c1.0,False
1251.900968393495,256.6665705128221,290.7038733333329,297.2199751282037,13.884384999999744,0.005081555218783225,0.8607842683999423,1:5,256,kv-s1.5-c0.8,False
1251.900968393495,256.6665705128221,290.7038733333329,297.2199751282037,13.884384999999744,0.005081555218783225,0.8607842683999423,1:5,256,kv-s3.0-c0.8,False
1241.3636168647502,324.45448769230416,365.7455984615367,374.80753333333314,14.77999999999964,0.005081555218783225,0.8535389777135844,1:5,320,rr,False
1241.3636168647502,324.45448769230416,365.7455984615367,374.80753333333314,14.77999999999964,0.005081555218783225,0.8535389777135844,1:5,320,ll,False
1241.3636168647502,324.45448769230416,365.7455984615367,374.80753333333314,14.77999999999964,0.005081555218783225,0.8535389777135844,1:5,320,kv-nvda,False
1241.3636168647502,324.45448769230416,365.7455984615367,374.80753333333314,14.77999999999964,0.005081555218783225,0.8535389777135844,1:5,320,kv-t-c0.5,False
1241.3636168647502,324.45448769230416,365.7455984615367,374.80753333333314,14.77999999999964,0.005081555218783225,0.8535389777135844,1:5,320,kv-t-c0.6,False
1241.3636168647502,324.45448769230416,365.7455984615367,374.80753333333314,14.77999999999964,0.005081555218783225,0.8535389777135844,1:5,320,kv-t-c0.7,False
1241.3636168647502,324.45448769230416,365.7455984615367,374.80753333333314,14.77999999999964,0.005081555218783225,0.8535389777135844,1:5,320,kv-t-c0.8,False
1241.3636168647502,324.45448769230416,365.7455984615367,374.80753333333314,14.77999999999964,0.005081555218783225,0.8535389777135844,1:5,320,kv-t-c0.9,False
1241.3636168647502,324.45448769230416,365.7455984615367,374.80753333333314,14.77999999999964,0.005081555218783225,0.8535389777135844,1:5,320,kv-t-c1.0,False
1241.3636168647502,324.45448769230416,365.7455984615367,374.80753333333314,14.77999999999964,0.005081555218783225,0.8535389777135844,1:5,320,kv-s1.5-c0.8,False
1241.3636168647502,324.45448769230416,365.7455984615367,374.80753333333314,14.77999999999964,0.005081555218783225,0.8535389777135844,1:5,320,kv-s3.0-c0.8,False
1231.0094658020128,392.3552348717942,438.8489702564075,441.9648902564081,15.67596499999951,0.005081555218783225,0.8464196523256682,1:5,384,rr,False
1231.0094658020128,392.3552348717942,438.8489702564075,441.9648902564081,15.67596499999951,0.005081555218783225,0.8464196523256682,1:5,384,ll,False
1231.0094658020128,392.3552348717942,438.8489702564075,441.9648902564081,15.67596499999951,0.005081555218783225,0.8464196523256682,1:5,384,kv-nvda,False
1231.0094658020128,392.3552348717942,438.8489702564075,441.9648902564081,15.67596499999951,0.005081555218783225,0.8464196523256682,1:5,384,kv-t-c0.5,False
1231.0094658020128,392.3552348717942,438.8489702564075,441.9648902564081,15.67596499999951,0.005081555218783225,0.8464196523256682,1:5,384,kv-t-c0.6,False
1231.0094658020128,392.3552348717942,438.8489702564075,441.9648902564081,15.67596499999951,0.005081555218783225,0.8464196523256682,1:5,384,kv-t-c0.7,False
1231.0094658020128,392.3552348717942,438.8489702564075,441.9648902564081,15.67596499999951,0.005081555218783225,0.8464196523256682,1:5,384,kv-t-c0.8,False
1231.0094658020128,392.3552348717942,438.8489702564075,441.9648902564081,15.67596499999951,0.005081555218783225,0.8464196523256682,1:5,384,kv-t-c0.9,False
1231.0094658020128,392.3552348717942,438.8489702564075,441.9648902564081,15.67596499999951,0.005081555218783225,0.8464196523256682,1:5,384,kv-t-c1.0,False
1231.0094658020128,392.3552348717942,438.8489702564075,441.9648902564081,15.67596499999951,0.005081555218783225,0.8464196523256682,1:5,384,kv-s1.5-c0.8,False
1231.0094658020128,392.3552348717942,438.8489702564075,441.9648902564081,15.67596499999951,0.005081555218783225,0.8464196523256682,1:5,384,kv-s3.0-c0.8,False
701.9941132355808,1.0379487179488933,2.3045046153838484,2.8490102564101107,10.439999999999849,0.0035124527540646394,0.48267834632157913,2:4,8,rr,True
706.6500509768128,0.9805128205125584,2.1817241025637486,2.7241025641023953,10.439999999999849,0.08522878066179339,0.4858796841777556,2:4,8,ll,True
708.7678810820356,0.9534358974360657,2.1842051282051216,2.7446153846158268,10.439999999999849,0.16345958340283923,0.4873358655241595,2:4,8,kv-nvda,True
708.7678810820356,0.9534358974360657,2.1842051282051216,2.7446153846158268,10.439999999999849,0.16345958340283923,0.4873358655241595,2:4,8,kv-t-c0.5,True
708.7678810820356,0.9534358974360657,2.1842051282051216,2.7446153846158268,10.439999999999849,0.16345958340283923,0.4873358655241595,2:4,8,kv-t-c0.6,True
709.0434253652514,0.9411282051282797,2.208820512820239,2.786461538461481,10.439999999999849,0.17342210613440107,0.4875253247467561,2:4,8,kv-t-c0.7,True
709.0434253652514,0.9411282051282797,2.208820512820239,2.786461538461481,10.439999999999849,0.17342210613440107,0.4875253247467561,2:4,8,kv-t-c0.8,True
709.2645545096873,0.9493333333330156,2.187487179487107,2.7743784615386176,10.439999999999849,0.1665984729319556,0.487677369112581,2:4,8,kv-t-c0.9,True
709.544643226821,0.9411282051278249,2.157948717948784,2.799589743589422,10.439999999999849,0.1725816459282407,0.487869953005039,2:4,8,kv-t-c1.0,True
708.7678810820356,0.9534358974360657,2.1842051282051216,2.7446153846158268,10.439999999999849,0.16345958340283923,0.4873358655241595,2:4,8,kv-s1.5-c0.8,True
709.4115668408698,0.9476923076927051,2.1842051282055763,2.7495384615385774,10.439999999999849,0.17516783531635238,0.4877784521096692,2:4,8,kv-s3.0-c0.8,True
1307.575574780523,1.166769230769205,2.709851794871838,3.736643589743835,10.580000000000341,0.0035124527540646394,0.8990651121225979,2:4,16,rr,True
1311.7721294757619,1.145435897436073,2.6316128205126006,3.3479502564100585,10.580000000000341,0.050422820171866466,0.9019505865765214,2:4,16,ll,True
1311.754194628631,1.1448999999997795,2.6707082051270845,3.4035323076923305,10.580000000000341,0.08550216413368589,0.9019382549028058,2:4,16,kv-nvda,True
1311.754194628631,1.1448999999997795,2.6707082051270845,3.4035323076923305,10.580000000000341,0.08550216413368589,0.9019382549028058,2:4,16,kv-t-c0.5,True
1311.4944523543343,1.1364102564102723,2.6707082051270845,3.451725128205908,10.580000000000341,0.07956508751579999,0.9017596608532782,2:4,16,kv-t-c0.6,True
1312.0939527851672,1.140335897434852,2.6625641025639197,3.315378461538785,10.580000000000341,0.078092057206062,0.902171866413293,2:4,16,kv-t-c0.7,True
1310.9605243755043,1.1528205128206537,2.6461538461537657,3.315378461538785,10.580000000000341,0.0752340817453093,0.9013925417150724,2:4,16,kv-t-c0.8,True
1311.1990182611644,1.153641025640809,2.6816025641014676,3.4794974358967465,10.580000000000341,0.08788457101729003,0.9015565257601916,2:4,16,kv-t-c0.9,True
1311.1990182611644,1.153641025640809,2.6816025641014676,3.4794974358967465,10.580000000000341,0.08788457101729003,0.9015565257601916,2:4,16,kv-t-c1.0,True
1311.4944523543343,1.1364102564102723,2.6707082051270845,3.451725128205908,10.580000000000341,0.07956508751579999,0.9017596608532782,2:4,16,kv-s1.5-c0.8,True
1311.3539339932415,1.1405128205128676,2.664383076923059,3.4217117948719533,10.580000000000341,0.08053265506239783,0.9016630429915593,2:4,16,kv-s3.0-c0.8,True
1802.5392777870795,1.5228717948718895,4.148557948717098,5.949111794871897,10.720000000000056,0.0035124527540646394,1.2393931250673946,2:4,24,rr,True
1808.2488491218385,1.5072820512821181,3.8321476923083537,5.604898461538141,10.720000000000056,0.02978099884462394,1.2433189221618524,2:4,24,ll,True
1808.2948571489856,1.5261538461538748,3.7617599999998674,5.5092841025639245,10.720000000000056,0.07537693487836832,1.2433505564420295,2:4,24,kv-nvda,True
1808.2948571489856,1.5261538461538748,3.7617599999998674,5.5092841025639245,10.720000000000056,0.07537693487836832,1.2433505564420295,2:4,24,kv-t-c0.5,True
1807.5758712367415,1.5072820512821181,3.787405128205023,5.604898461538141,10.720000000000056,0.07273483651645561,1.242856194844678,2:4,24,kv-t-c0.6,True
1808.2474782790416,1.5154871794871951,3.752168205128555,5.4049394871804,10.720000000000056,0.0725164492187919,1.2433179795953524,2:4,24,kv-t-c0.7,True
1808.3648548556266,1.5187692307692942,3.8153189743579787,5.565989743589853,10.720000000000056,0.0724422842535456,1.2433986855882015,2:4,24,kv-t-c0.8,True
1809.3380897565205,1.5138461538460888,3.7489353846149243,5.6540882051285735,10.720000000000056,0.07852472420331424,1.2440678641520797,2:4,24,kv-t-c0.9,True
1809.3380897565205,1.5138461538460888,3.7489353846149243,5.6540882051285735,10.720000000000056,0.07852472420331424,1.2440678641520797,2:4,24,kv-t-c1.0,True
1807.5758712367415,1.5072820512821181,3.787405128205023,5.604898461538141,10.720000000000056,0.07273483651645561,1.242856194844678,2:4,24,kv-s1.5-c0.8,True
1807.7662426238498,1.5187692307692942,3.761883076923141,5.604898461538141,10.720000000000056,0.0769268685520694,1.2429870907376548,2:4,24,kv-s3.0-c0.8,True
2160.261789210192,2.604987692307759,6.685592307692332,9.74965641025642,10.860000000000307,0.0035124527540646394,1.4853565982650196,2:4,32,rr,False
2173.1824331222556,2.520884615384716,6.360936923075997,9.245887179486772,10.860000000000307,0.035496265166450144,1.4942405973175754,2:4,32,ll,False
2172.7197516738647,2.517205641025612,6.309595384615477,9.62244717948738,10.860000000000307,0.07726597359316477,1.4939224659940042,2:4,32,kv-nvda,False
2172.7197516738647,2.517205641025612,6.309595384615477,9.62244717948738,10.860000000000307,0.07726597359316477,1.4939224659940042,2:4,32,kv-t-c0.5,False
2173.409199445649,2.532158461538984,6.282157435897716,9.555330256410343,10.860000000000307,0.07557683798469372,1.4943965177048169,2:4,32,kv-t-c0.6,False
2172.03513364507,2.5379246153845543,6.294737435895968,9.288292307692018,10.860000000000307,0.07836315867902384,1.4934517351263654,2:4,32,kv-t-c0.7,False
2173.409199445649,2.532158461538984,6.282157435897716,9.555330256410343,10.860000000000307,0.07704325049753281,1.4943965177048169,2:4,32,kv-t-c0.8,False
2175.0309709239773,2.5302538461544373,6.312487692307968,9.56819384615369,10.860000000000307,0.07555356159560103,1.4955116181885846,2:4,32,kv-t-c0.9,False
2173.5483199106366,2.512074358975042,6.248863076923044,9.494027179487148,10.860000000000307,0.07724246900417903,1.4944921743986745,2:4,32,kv-t-c1.0,False
2173.409199445649,2.532158461538984,6.282157435897716,9.555330256410343,10.860000000000307,0.07557683798469372,1.4943965177048169,2:4,32,kv-s1.5-c0.8,False
2172.7197516738647,2.517205641025612,6.309595384615477,9.62244717948738,10.860000000000307,0.07809045980681054,1.4939224659940042,2:4,32,kv-s3.0-c0.8,False
2293.695842400008,9.72502717948737,16.29218153846159,19.97703179487189,11.139999999999686,0.0035124527540646394,1.5771034191034334,2:4,48,rr,False
2319.0439578339706,9.374622564102538,14.379309743589829,19.48973282051338,11.139999999999686,0.034919147636887415,1.5945323208696331,2:4,48,ll,False
2320.9377269506736,9.344822051282108,14.283350769229855,19.47118769230724,11.139999999999686,0.07502961464112258,1.5958344419677033,2:4,48,kv-nvda,False
2320.9377269506736,9.344822051282108,14.283350769229855,19.47118769230724,11.139999999999686,0.07502961464112258,1.5958344419677033,2:4,48,kv-t-c0.5,False
2319.5812062561804,9.351024615384858,14.303722051286059,19.457547692305752,11.139999999999686,0.0765720177183525,1.5949017230841347,2:4,48,kv-t-c0.6,False
2319.8213194368673,9.382885641024359,14.440242564102391,19.48994923076907,11.139999999999686,0.07739810133124972,1.5950668205269747,2:4,48,kv-t-c0.7,False
2320.7077256110992,9.379599999999868,14.377727692308326,19.47170923076942,11.139999999999686,0.07451411108268755,1.5956762972423495,2:4,48,kv-t-c0.8,False
2319.9334136221028,9.36410307692313,14.265926153843111,19.614242051281963,11.139999999999686,0.07878418748172974,1.5951438944438945,2:4,48,kv-t-c0.9,False
2319.9862047508072,9.40218102564063,14.324165128204868,19.42790512820443,11.139999999999686,0.08051074787266355,1.5951801926609634,2:4,48,kv-t-c1.0,False
2319.5812062561804,9.351024615384858,14.303722051286059,19.457547692305752,11.139999999999686,0.0765720177183525,1.5949017230841347,2:4,48,kv-s1.5-c0.8,False
2320.54523269191,9.41502153846136,14.398621025640978,19.416768205127937,11.139999999999686,0.08169054131981233,1.5955645700753485,2:4,48,kv-s3.0-c0.8,False
2282.123109054024,17.509581025641182,30.812216410260362,34.7788435897437,11.419999999999554,0.0035124527540646394,1.569146218767217,2:4,64,rr,False
2308.090816825547,17.56729384615346,24.074398461536703,28.631557435898458,11.419999999999554,0.03547595537596731,1.5870011409219762,2:4,64,ll,False
2309.0414065117448,17.617988717948265,24.024769743589786,28.402147179486974,11.419999999999554,0.0737411980448746,1.5876547490493285,2:4,64,kv-nvda,False
2309.0414065117448,17.617988717948265,24.024769743589786,28.402147179486974,11.419999999999554,0.0737411980448746,1.5876547490493285,2:4,64,kv-t-c0.5,False
2309.405937609936,17.557164102566276,24.073298974356476,28.536229743589274,11.419999999999554,0.07333637143457634,1.5879053939825842,2:4,64,kv-t-c0.6,False
2309.104582140447,17.622250769230618,24.24300051281898,28.386816923077276,11.419999999999554,0.07497324926753539,1.5876981874591598,2:4,64,kv-t-c0.7,False
2308.9304516775564,17.602837948719298,24.190154358975178,28.3421266666694,11.419999999999554,0.08044502630346068,1.5875784585294048,2:4,64,kv-t-c0.8,False
2309.0735611935356,17.591694358973996,24.041690256410675,28.67990974359077,11.419999999999554,0.07996671932759532,1.5876768580219547,2:4,64,kv-t-c0.9,False
2308.392077770395,17.615154871794857,24.08067179487307,28.412310769231908,11.419999999999554,0.07983071219132827,1.587208282451982,2:4,64,kv-t-c1.0,False
2309.405937609936,17.557164102566276,24.073298974356476,28.536229743589274,11.419999999999554,0.07333637143457634,1.5879053939825842,2:4,64,kv-s1.5-c0.8,False
2308.0510464054146,17.619498461538456,24.081657948718657,28.529518974359235,11.419999999999554,0.08149908160953036,1.5869737955065946,2:4,64,kv-s3.0-c0.8,False
2260.7672180679992,33.2667641025638,48.99325589743921,52.94676358974766,11.979999999999642,0.0035124527540646394,1.5544622977043356,2:4,96,rr,False
2286.4742469641283,33.809680000000185,42.174669743591494,46.25354461538677,11.979999999999642,0.03336875756340021,1.572137981819739,2:4,96,ll,False
2286.1986458819815,33.79926512820532,42.13719641025614,46.34976307692341,11.979999999999642,0.07176726896985776,1.5719484835432336,2:4,96,kv-nvda,False
2286.1986458819815,33.79926512820532,42.13719641025614,46.34976307692341,11.979999999999642,0.07176726896985776,1.5719484835432336,2:4,96,kv-t-c0.5,False
2287.280485539255,33.8811810256409,42.09004205128281,46.26448923076873,11.979999999999642,0.07526808352937606,1.5726923367564052,2:4,96,kv-t-c0.6,False
2286.385075396137,33.76534820512916,42.222817948720376,46.294515384615124,11.979999999999642,0.07697730072843688,1.5720766690762766,2:4,96,kv-t-c0.7,False
2287.0505717519823,33.7750323076923,42.117504102563544,46.37591743589701,11.979999999999642,0.07797727265985004,1.572534252230417,2:4,96,kv-t-c0.8,False
2288.23186151226,33.835958461538894,42.13582410256413,46.29034205128323,11.979999999999642,0.08023394140237505,1.5733464855202226,2:4,96,kv-t-c0.9,False
2287.2762279517797,33.82792051282058,42.21009846154129,46.34246923076603,11.979999999999642,0.07962601688724849,1.572689409316925,2:4,96,kv-t-c1.0,False
2287.280485539255,33.8811810256409,42.09004205128281,46.26448923076873,11.979999999999642,0.07526808352937606,1.5726923367564052,2:4,96,kv-s1.5-c0.8,False
2287.512374592857,33.80227743589762,42.318596923076484,46.20524717948729,11.979999999999642,0.07930197303909543,1.5728517794394883,2:4,96,kv-s3.0-c0.8,False
2239.654815322008,49.17981589743624,66.64689230769704,71.461268205132,12.540000000000576,0.0035124527540646394,1.5399457947135329,2:4,128,rr,False
2263.488390162824,50.317927179487356,60.24610205128192,64.9283466666675,12.540000000000576,0.03336236796639437,1.5563333259964858,2:4,128,ll,False
2265.513111935811,50.411689230768616,60.120815897435705,64.84263487179373,12.540000000000576,0.07219582836903482,1.5577254877521483,2:4,128,kv-nvda,False
2265.513111935811,50.411689230768616,60.120815897435705,64.84263487179373,12.540000000000576,0.07219582836903482,1.5577254877521483,2:4,128,kv-t-c0.5,False
2265.140541993584,50.39679333333311,60.155962564102765,65.02952923076873,12.540000000000576,0.0701411165318728,1.55746931545638,2:4,128,kv-t-c0.6,False
2266.1316332228284,50.395077948718836,60.256022051283026,64.89131948718023,12.540000000000576,0.07716488104053675,1.5581507717058927,2:4,128,kv-t-c0.7,False
2266.0278363733505,50.330346666666856,60.09262974358899,64.78323948717934,12.540000000000576,0.07688807457024825,1.558079402885678,2:4,128,kv-t-c0.8,False
2264.2142626404925,50.30584512820542,60.08853384615145,64.79887589743817,12.540000000000576,0.07692732495185553,1.5568324226705967,2:4,128,kv-t-c0.9,False
2265.3513302341626,50.28918564102639,60.11903589743588,64.9562292307703,12.540000000000576,0.0778556421168461,1.5576142496053538,2:4,128,kv-t-c1.0,False
2265.140541993584,50.39679333333311,60.155962564102765,65.02952923076873,12.540000000000576,0.0701411165318728,1.55746931545638,2:4,128,kv-s1.5-c0.8,False
2265.810787291573,50.36723025641061,60.05585487179383,64.89398256410277,12.540000000000576,0.07985307578084869,1.5579301638965073,2:4,128,kv-s3.0-c0.8,False
2218.9330848495606,65.46495128205083,84.57480256410645,90.79341025641065,13.099999999999614,0.0035124527540646394,1.5256979108512851,2:4,160,rr,False
2244.6467394597116,66.98796153846206,79.1475025641023,82.1086564102568,13.099999999999614,0.03444198166048739,1.5433781506867819,2:4,160,ll,False
2244.1269869542857,66.94894871794838,79.20628717948739,82.31690000000003,13.099999999999614,0.074595806644405,1.5430207783454966,2:4,160,kv-nvda,False
2244.1269869542857,66.94894871794838,79.20628717948739,82.31690000000003,13.099999999999614,0.074595806644405,1.5430207783454966,2:4,160,kv-t-c0.5,False
2243.4400220741068,66.96796666666751,79.12097692307748,82.45638717948736,13.099999999999614,0.0758278578670658,1.542548433825658,2:4,160,kv-t-c0.6,False
2243.9383725622774,66.9752410256408,79.21080256409982,82.29616153846428,13.099999999999614,0.07518615976776553,1.542891090530299,2:4,160,kv-t-c0.7,False
2243.953109000559,66.96231025640952,79.19033076923074,82.26425128205165,13.099999999999614,0.07841701385378731,1.542901223036436,2:4,160,kv-t-c0.8,False
2243.2573608481584,66.88104615384634,79.24083333333442,82.32334871794842,13.099999999999614,0.07768608959629841,1.5424228392988444,2:4,160,kv-t-c0.9,False
2245.4583098516455,66.92713846153788,79.23698461538083,82.27894102564187,13.099999999999614,0.08025516399243016,1.5439361716834206,2:4,160,kv-t-c1.0,False
2243.4400220741068,66.96796666666751,79.12097692307748,82.45638717948736,13.099999999999614,0.0758278578670658,1.542548433825658,2:4,160,kv-s1.5-c0.8,False
2243.0670032011003,66.98289487179545,79.1429282051281,82.47734871795092,13.099999999999614,0.07928942204497683,1.5422919528532755,2:4,160,kv-s3.0-c0.8,False
2198.591282327234,81.97625384615344,102.9832399999998,109.37291846153835,13.659999999999869,0.0035124527540646394,1.5117112585168064,2:4,192,rr,False
2222.976743102824,83.27679282051099,96.92728615384613,101.22232974359326,13.659999999999869,0.033121617079210235,1.5284782565008785,2:4,192,ll,False
2222.7326966369487,83.30021692307685,97.04830358974323,101.41077282051447,13.659999999999869,0.07065639189041475,1.528310454602895,2:4,192,kv-nvda,False
2222.7326966369487,83.30021692307685,97.04830358974323,101.41077282051447,13.659999999999869,0.07065639189041475,1.528310454602895,2:4,192,kv-t-c0.5,False
2223.9884324254167,83.2709276923083,97.09361846153706,101.3892087179488,13.659999999999869,0.07251850301782949,1.5291738756236222,2:4,192,kv-t-c0.6,False
2222.6070573428174,83.37197435897565,96.98633487179495,101.22177589743501,13.659999999999869,0.07550518321827114,1.5282240673161913,2:4,192,kv-t-c0.7,False
2222.3144081453183,83.37909743589842,96.94094974358813,101.24815743589738,13.659999999999869,0.07741863932162561,1.5280228470665653,2:4,192,kv-t-c0.8,False
2222.5891597985215,83.31914974358983,96.95585589743632,101.34362256410395,13.659999999999869,0.07693531194811282,1.5282117612912245,2:4,192,kv-t-c0.9,False
2223.436582840939,83.40310051282131,96.95882666666671,101.21191128205169,13.659999999999869,0.07810574919964593,1.5287944339163035,2:4,192,kv-t-c1.0,False
2223.9884324254167,83.2709276923083,97.09361846153706,101.3892087179488,13.659999999999869,0.07251850301782949,1.5291738756236222,2:4,192,kv-s1.5-c0.8,False
2223.4223761130515,83.20752615384549,97.01043538461477,101.29365025640777,13.659999999999869,0.07892772521446796,1.5287846656293704,2:4,192,kv-s3.0-c0.8,False
2159.0064183169566,113.477412820513,140.66513589743545,143.86153230769264,14.77999999999964,0.0035124527540646394,1.4844934281395974,2:4,256,rr,False
2182.6154985512544,116.11299538461503,134.04417333333572,136.71474974358603,14.77999999999964,0.03374117978888315,1.5007266010263907,2:4,256,ll,False
2181.843885107293,116.16246102564185,133.95443948717912,136.923310769233,14.77999999999964,0.07440617253326755,1.500196053698274,2:4,256,kv-nvda,False
2181.843885107293,116.16246102564185,133.95443948717912,136.923310769233,14.77999999999964,0.07440617253326755,1.500196053698274,2:4,256,kv-t-c0.5,False
2182.6507771947736,116.11424923076788,133.91896769230766,136.7455005128179,14.77999999999964,0.07531714650638514,1.5007508579781133,2:4,256,kv-t-c0.6,False
2183.969122801877,116.13829333333354,133.90639025640962,136.97048461538407,14.77999999999964,0.07571558351967757,1.5016573283679917,2:4,256,kv-t-c0.7,False
2182.733213260059,116.14959743589793,133.87281230769213,136.90321230769223,14.77999999999964,0.07890741542398513,1.500807539512786,2:4,256,kv-t-c0.8,False
2182.121050702231,116.09122769230612,133.9568974358981,136.984715897436,14.77999999999964,0.07883530425777642,1.5003866277052345,2:4,256,kv-t-c0.9,False
2182.6959194630626,116.10803897435869,133.98960923076993,136.787612307691,14.77999999999964,0.08029350157446516,1.5007818969782931,2:4,256,kv-t-c1.0,False
2182.6507771947736,116.11424923076788,133.91896769230766,136.7455005128179,14.77999999999964,0.07531714650638514,1.5007508579781133,2:4,256,kv-s1.5-c0.8,False
2183.5562723168932,116.15206666666609,133.997487692307,137.01283538461735,14.77999999999964,0.08089343909333443,1.501373459905831,2:4,256,kv-s3.0-c0.8,False
2120.821767119487,145.89271538461526,175.72635384615705,180.47106410256833,15.900000000000572,0.0035124527540646394,1.4582383585494685,2:4,320,rr,False
2144.3270955468474,149.1467641025622,169.2748589743594,174.4646358974353,15.900000000000572,0.03342672033623885,1.4744001935864761,2:4,320,ll,False
2146.0794021411334,149.15337435897482,168.96742307692375,174.38185897435915,15.900000000000572,0.07214197319427136,1.4756050476347247,2:4,320,kv-nvda,False
2146.0794021411334,149.15337435897482,168.96742307692375,174.38185897435915,15.900000000000572,0.07214197319427136,1.4756050476347247,2:4,320,kv-t-c0.5,False
2143.8901141954466,149.18676153846116,169.1135051282049,174.40606410256032,15.900000000000572,0.07311456113851665,1.474099733180768,2:4,320,kv-t-c0.6,False
2145.2328294241406,149.10137692307717,169.1997538461551,174.41072307692457,15.900000000000572,0.07524754553900016,1.4750229596778959,2:4,320,kv-t-c0.7,False
2145.361411874021,149.21145384615352,169.12325384615815,174.2376717948664,15.900000000000572,0.07590704322995954,1.4751113706248027,2:4,320,kv-t-c0.8,False
2144.112533803572,149.14755641025727,169.16155641025512,174.24793333333264,15.900000000000572,0.07806900901686238,1.4742526648458851,2:4,320,kv-t-c0.9,False
2144.494689460851,149.15372564102518,169.1305615384615,174.41979999999876,15.900000000000572,0.07843572624501868,1.4745154281044581,2:4,320,kv-t-c1.0,False
2143.8901141954466,149.18676153846116,169.1135051282049,174.40606410256032,15.900000000000572,0.07311456113851665,1.474099733180768,2:4,320,kv-s1.5-c0.8,False
2143.5717159053033,149.16847948717987,169.30071538461266,174.2799230769201,15.900000000000572,0.07875977009317174,1.473880808324761,2:4,320,kv-s3.0-c0.8,False
2083.9643264748934,177.7435507692304,209.41606102564015,215.0935948717986,17.02000000000025,0.0035124527540646394,1.432895854724215,2:4,384,rr,False
2105.850655413855,182.54858102563958,204.01909282051315,207.52946615384576,17.02000000000025,0.029231493502122143,1.4479444952471632,2:4,384,ll,False
2105.9930371171085,182.5963451282064,204.02440102564105,207.52102051282395,17.02000000000025,0.06935291410122445,1.4480423943089604,2:4,384,kv-nvda,False
2105.9930371171085,182.5963451282064,204.02440102564105,207.52102051282395,17.02000000000025,0.06935291410122445,1.4480423943089604,2:4,384,kv-t-c0.5,False
2105.9668815386613,182.57703384615422,203.96972307692386,207.52006717948643,17.02000000000025,0.07340323400324454,1.4480244102103563,2:4,384,kv-t-c0.6,False
2106.0880862511303,182.52922410256576,203.96167333333324,207.56172666666657,17.02000000000025,0.0747375187779987,1.4481077483596057,2:4,384,kv-t-c0.7,False
2106.610716487848,182.5959979487186,204.01945794871722,207.60055435897448,17.02000000000025,0.07779699474432826,1.4484670993764308,2:4,384,kv-t-c0.8,False
2105.9782866984538,182.4800369230777,204.01697948717901,207.482713846151,17.02000000000025,0.07743484151403326,1.4480322521901738,2:4,384,kv-t-c0.9,False
2106.0054309439197,182.64706564102516,203.96906410256133,207.46578564102788,17.02000000000025,0.07772693737715715,1.4480509160781847,2:4,384,kv-t-c1.0,False
2105.9668815386613,182.57703384615422,203.96972307692386,207.52006717948643,17.02000000000025,0.07340323400324454,1.4480244102103563,2:4,384,kv-s1.5-c0.8,False
2105.836610631122,182.51912769230807,204.07206358974236,207.71324666666783,17.02000000000025,0.07843116224715738,1.4479348383107642,2:4,384,kv-s3.0-c0.8,False
707.534329607532,0.9197948717946929,2.064410256410156,2.6921025641022425,10.48997999999981,0.12472538995368226,0.48648769803302244,3:3,8,rr,True
704.497921664353,0.965743589743397,2.0939487179484786,2.680615384615521,10.49155499999981,0.07610900013532254,0.4843999193221496,3:3,8,ll,True
720.4845548862272,0.6194871794868959,1.88882051282053,2.6707692307691104,10.490644999999807,0.41618754197451785,0.49539203669364434,3:3,8,kv-nvda,True
720.4845548862272,0.6194871794868959,1.88882051282053,2.6707692307691104,10.490644999999807,0.41618754197451785,0.49539203669364434,3:3,8,kv-t-c0.5,True
719.6207179683307,0.6728205128201807,1.868307692308008,2.684717948717662,10.493759999999805,0.39249126507859317,0.4947980781872118,3:3,8,kv-t-c0.6,True
719.8645166304965,0.6580512820514741,1.8395897435898405,2.613333333333685,10.495404999999803,0.39357749656958513,0.4949657096998853,3:3,8,kv-t-c0.7,True
720.2699337739614,0.6088205128207846,1.866666666666788,2.646153846153993,10.491729999999809,0.3998135150473868,0.49524446713201836,3:3,8,kv-t-c0.8,True
718.5084394965912,0.6941538461537675,1.89128205128236,2.6625641025639197,10.491274999999808,0.3705217767734954,0.4940332958004853,3:3,8,kv-t-c0.9,True
719.0467416433269,0.6818461538459815,1.8518974358976266,2.675692307691861,10.492184999999802,0.3795107987612397,0.49440342253674824,3:3,8,kv-t-c1.0,True
719.6207179683307,0.6728205128201807,1.868307692308008,2.684717948717662,10.493759999999805,0.39249126507859317,0.4947980781872118,3:3,8,kv-s1.5-c0.8,True
718.6961767501716,0.6941538461537675,1.89128205128236,2.631384615384377,10.491764999999805,0.38068945120892317,0.4941623805113006,3:3,8,kv-s3.0-c0.8,True
1320.371221086005,0.944410256410265,2.219026666667787,2.744615384615372,10.676250000000113,0.12472538995368226,0.9078631651011039,3:3,16,rr,True
1320.9815876672803,0.9493333333334704,2.1013333333332866,2.6847179487181165,10.67646000000011,0.134468156188222,0.9082828420279402,3:3,16,ll,True
1362.7953114716574,0.05661538461527016,1.6533333333334213,2.569846153846129,10.675830000000111,0.6298930906320978,0.9370331957401955,3:3,16,kv-nvda,True
1362.7953114716574,0.05661538461527016,1.6533333333334213,2.569846153846129,10.675830000000111,0.6298930906320978,0.9370331957401955,3:3,16,kv-t-c0.5,True
1360.3874504090786,0.06399999999985084,1.6467692307692232,2.5657435897435334,10.676110000000104,0.6119766606277368,0.9353775943983255,3:3,16,kv-t-c0.6,True
1357.2311806000396,0.07302564102565157,1.677128205128156,2.36307692307696,10.675795000000106,0.6036158729456019,0.9332074008550351,3:3,16,kv-t-c0.7,True
1354.8495162339757,0.08861538461542295,1.700102564102508,2.623179487179641,10.675480000000114,0.5902435874118549,0.9315698118838025,3:3,16,kv-t-c0.8,True
1357.6915116486618,0.07056410256404888,1.7148717948718968,2.5657435897435334,10.676320000000104,0.6076467958567114,0.9335239160866022,3:3,16,kv-t-c0.9,True
1356.438475415174,0.07056410256404888,1.7189743589742648,2.597743589743459,10.676740000000105,0.6006686713266606,0.9326623512306332,3:3,16,kv-t-c1.0,True
1360.3874504090786,0.06399999999985084,1.6467692307692232,2.5657435897435334,10.676110000000104,0.6119766606277368,0.9353775943983255,3:3,16,kv-s1.5-c0.8,True
1354.5409930610358,0.09846153846160632,1.765743589743579,2.623179487179641,10.676145000000112,0.5887584625077845,0.9313576769782403,3:3,16,kv-s3.0-c0.8,True
1842.145712279771,0.9928205128205718,2.473846153846125,3.12036512820373,10.860000000000307,0.12472538995368226,1.266625786914818,3:3,24,rr,True
1849.3577761851188,0.9690256410256097,2.187487179487107,2.802871794871862,10.860000000000307,0.15783924823652828,1.2715846704919949,3:3,24,ll,True
1924.1941990906403,0.03610256410252077,1.260307692307606,2.0972307692306913,10.860000000000307,0.7708863945626355,1.3230408296984715,3:3,24,kv-nvda,True
1924.1941990906403,0.03610256410252077,1.260307692307606,2.0972307692306913,10.860000000000307,0.7708863945626355,1.3230408296984715,3:3,24,kv-t-c0.5,True
1921.4943642762425,0.03774358974351344,1.255384615384628,2.1047717948704303,10.860000000000307,0.7558482498095102,1.3211844725311037,3:3,24,kv-t-c0.6,True
1921.49633531101,0.03774358974351344,1.3374358974360803,2.188307692307717,10.860000000000307,0.7594960251001627,1.3211858277786537,3:3,24,kv-t-c0.7,True
1919.603842693162,0.037743589743627126,1.3513846153846316,2.2867692307693233,10.860000000000307,0.750679978631362,1.3198845843779101,3:3,24,kv-t-c0.8,True
1917.6588181447228,0.04102564102561246,1.4572307692305912,2.2613333333333685,10.860000000000307,0.7427091845664762,1.3185472209799916,3:3,24,kv-t-c0.9,True
1919.0910866107201,0.037743589743627126,1.3341538461538676,2.0972307692306913,10.860000000000307,0.7502146790494014,1.3195320226494383,3:3,24,kv-t-c1.0,True
1921.4943642762425,0.03774358974351344,1.255384615384628,2.1047717948704303,10.860000000000307,0.7558482498095102,1.3211844725311037,3:3,24,kv-s1.5-c0.8,True
1918.7641065484338,0.03856410256412346,1.3587692307692123,2.2785641025641326,10.860000000000307,0.7504727731284585,1.3193071971234562,3:3,24,kv-s3.0-c0.8,True
2292.2515314923717,1.1052307692307295,3.075581794871823,4.460623589743136,11.047319999999848,0.12472538995368226,1.5761103372707967,3:3,32,rr,True
2306.9971874892994,0.9895384615383591,2.429286153845851,3.390638974358808,11.049034999999844,0.18425292945907726,1.586249181340612,3:3,32,ll,True
2418.8060996707545,0.03692307692313079,1.2356923076922612,2.2464805128211083,11.047424999999848,0.7736877764499079,1.663126949712508,3:3,32,kv-nvda,True
2418.8060996707545,0.03692307692313079,1.2356923076922612,2.2464805128211083,11.047424999999848,0.7736877764499079,1.663126949712508,3:3,32,kv-t-c0.5,True
2413.514556895972,0.03692307692313079,1.3333333333332575,2.6588012820520817,11.047949999999851,0.773941991130783,1.6594885814301163,3:3,32,kv-t-c0.6,True
2415.3164634174286,0.03692307692313079,1.2808205128205827,2.3179487179486387,11.045464999999858,0.7756845255142314,1.6607275394834737,3:3,32,kv-t-c0.7,True
2418.705832385499,0.03692307692313079,1.3333333333332575,2.5526153846153647,11.04651499999985,0.7788501144308364,1.6630580077562653,3:3,32,kv-t-c0.8,True
2417.726155750268,0.03774358974351344,1.3177435897434862,2.3383415384614636,11.046409999999854,0.7730378631544573,1.6623843999733685,3:3,32,kv-t-c0.9,True
2407.9766233120376,0.039384615384506105,1.3587692307692123,2.2539476923072925,11.047039999999848,0.7565365006869957,1.6556807993220701,3:3,32,kv-t-c1.0,True
2413.514556895972,0.03692307692313079,1.3333333333332575,2.6588012820520817,11.047949999999851,0.773941991130783,1.6594885814301163,3:3,32,kv-s1.5-c0.8,True
2415.3456919214304,0.03774358974351344,1.4572307692308186,2.4205128205128403,11.049524999999843,0.7664545244394099,1.6607476364696325,3:3,32,kv-s3.0-c0.8,True
2948.015546847416,1.7649230769230826,6.316971794871733,8.409954871795435,11.419999999999554,0.12472538995368226,2.027001711629872,3:3,48,rr,False
3072.8927868900932,1.072410256410194,3.158156410257561,4.761875897435402,11.419999999999554,0.23751683829960957,2.1128650238436806,3:3,48,ll,True
3197.917469433319,0.03774358974351344,1.5261538461538748,2.9154943589746836,11.419999999999554,0.7664780290283956,2.198829714831186,3:3,48,kv-nvda,True
3197.917469433319,0.03774358974351344,1.5261538461538748,2.9154943589746836,11.419999999999554,0.7664780290283956,2.198829714831186,3:3,48,kv-t-c0.5,True
3200.295262859465,0.03692307692313079,1.3390769230769592,3.3675805128202683,11.419999999999554,0.7805675468260476,2.2004646422147456,3:3,48,kv-t-c0.6,True
3199.324737352279,0.037743589743627126,1.5852251282050247,3.07767743589784,11.419999999999554,0.7762858322324591,2.1997973265805553,3:3,48,kv-t-c0.7,True
3199.727597628095,0.037743589743627126,1.69517948717953,3.0803497435902045,11.419999999999554,0.7725435821860774,2.2000743259571363,3:3,48,kv-t-c0.8,True
3200.8954123674425,0.03692307692313079,1.5261538461538748,3.782288205128907,11.419999999999554,0.7836795087677821,2.2008772940683645,3:3,48,kv-t-c0.9,True
3199.5871106617183,0.03774358974351344,1.5688205128205936,3.58730307692349,11.419999999999554,0.7812510055057789,2.1999777296818515,3:3,48,kv-t-c1.0,True
3200.295262859465,0.03692307692313079,1.3390769230769592,3.3675805128202683,11.419999999999554,0.7805675468260476,2.2004646422147456,3:3,48,kv-s1.5-c0.8,True
3201.987595443801,0.03692307692307395,1.4941538461539494,3.0496835897436085,11.419999999999554,0.7858768455381102,2.201628259227812,3:3,48,kv-s3.0-c0.8,True
3240.522739115761,4.119122051282147,12.852946666666867,15.815406410255491,11.795515000000274,0.12472538995368226,2.2281243210496355,3:3,64,rr,False
3520.0038908837705,1.5844574358974342,4.604930000000422,5.9808756410246815,11.794185000000276,0.2516620368711695,2.4202904626454163,3:3,64,ll,True
3697.029237970934,0.040205128205116125,2.168551538461543,5.485093333333566,11.795340000000273,0.7540557396494804,2.5420098619651665,3:3,64,kv-nvda,True
3697.029237970934,0.040205128205116125,2.168551538461543,5.485093333333566,11.795340000000273,0.7540557396494804,2.5420098619651665,3:3,64,kv-t-c0.5,True
3690.3407900887732,0.037743589743627126,2.2787546153847416,5.029037435897294,11.794675000000277,0.7724981704073574,2.537411007213608,3:3,64,kv-t-c0.6,True
3700.0486567203143,0.037743589743627126,2.1035876923076557,5.2871538461540695,11.79509500000027,0.7727738358781805,2.544085959216304,3:3,64,kv-t-c0.7,True
3701.5965054244157,0.037743589743627126,2.2531999999996515,4.6095989743587324,11.79394000000028,0.7794297421592228,2.5451502317490298,3:3,64,kv-t-c0.8,True
3696.6733008496126,0.037743589743627126,1.8379487179487342,3.760688717948483,11.794045000000281,0.783024118674898,2.541765126093633,3:3,64,kv-t-c0.9,True
3698.4385950718183,0.037743589743627126,2.1166687179487553,3.8654223076922563,11.793345000000283,0.7791125443078617,2.542978910197916,3:3,64,kv-t-c1.0,True
3690.3407900887732,0.037743589743627126,2.2787546153847416,5.029037435897294,11.794675000000277,0.7724981704073574,2.537411007213608,3:3,64,kv-s1.5-c0.8,True
3699.6804147677826,0.03774358974357028,2.1627646153841624,4.5199128205129,11.794955000000277,0.7853147892014898,2.5438327627672983,3:3,64,kv-s3.0-c0.8,True
3346.6196852362127,12.25299487179484,24.52329179487174,28.09809025641016,12.540000000000576,0.12472538995368226,2.3010746457569935,3:3,96,rr,False
3755.459728543889,6.49770461538526,12.091611282051304,13.808463076923204,12.540000000000576,0.2500719400162889,2.582185601380588,3:3,96,ll,False
4335.863757958113,0.04923076923074632,5.534393846153648,11.480532307692783,12.540000000000576,0.7350343657628962,2.981260824141073,3:3,96,kv-nvda,False
4335.863757958113,0.04923076923074632,5.534393846153648,11.480532307692783,12.540000000000576,0.7350343657628962,2.981260824141073,3:3,96,kv-t-c0.5,False
4338.388183433952,0.04512820512820781,4.552250769230682,10.361868717948369,12.540000000000576,0.7587986462269544,2.9829965730471057,3:3,96,kv-t-c0.6,True
4343.988486062317,0.04512820512820781,5.360936410256727,10.78517282051314,12.540000000000576,0.7676219950923331,2.9868472389723517,3:3,96,kv-t-c0.7,False
4342.717321478763,0.04512820512820781,5.84038358974351,10.090088717949243,12.540000000000576,0.7701518191068576,2.985973209393579,3:3,96,kv-t-c0.8,False
4342.9043403727765,0.04266666666666197,5.646752307692395,11.046264102563782,12.540000000000576,0.7740086254995581,2.9861018001734605,3:3,96,kv-t-c0.9,False
4344.87272768554,0.0410256410256693,4.050179487179662,10.49134205128189,12.540000000000576,0.7805177992493593,2.9874552273819397,3:3,96,kv-t-c1.0,True
4338.388183433952,0.04512820512820781,4.552250769230682,10.361868717948369,12.540000000000576,0.7587986462269544,2.9829965730471057,3:3,96,kv-s1.5-c0.8,True
4346.825627641009,0.0410256410256693,4.011631794872187,10.431103589743998,12.540000000000576,0.7840663075865283,2.988798005766067,3:3,96,kv-s3.0-c0.8,True
3291.6542277470535,21.088186923076705,33.65648974358919,42.22648128205128,13.28606000000043,0.12472538995368226,2.2632813998800536,3:3,128,rr,False
3688.11913821765,13.302082307692217,17.893831538461768,21.919605384614215,13.28952500000043,0.26384905216033416,2.5358834399149117,3:3,128,ll,False
4649.842310942857,0.08253461538461693,8.756363333333184,16.29199512820503,13.285990000000435,0.7215231064942723,3.197146749503897,3:3,128,kv-nvda,False
4649.842310942857,0.08253461538461693,8.756363333333184,16.29199512820503,13.285990000000435,0.7215231064942723,3.197146749503897,3:3,128,kv-t-c0.5,False
4683.269541677137,0.05251282051284534,8.814586410256481,16.848041794871733,13.288090000000436,0.7589907905369155,3.2201307035695024,3:3,128,kv-t-c0.6,False
4680.711784170959,0.05251282051284534,5.447672564102504,15.123090256409796,13.287250000000432,0.7616260429020363,3.2183720361674597,3:3,128,kv-t-c0.7,False
4686.6765767306015,0.04923076923074632,8.082748974359276,18.16857102564063,13.287110000000432,0.7631538411861101,3.2224733187203425,3:3,128,kv-t-c0.8,False
4672.964306015625,0.04430769230771148,5.477317435897305,17.192903333333106,13.287425000000436,0.7805673186261545,3.213045011519143,3:3,128,kv-t-c0.9,False
4688.673406432586,0.04542512820501088,6.539127692307716,15.03263102564074,13.28837000000043,0.785075179313771,3.2238463023967965,3:3,128,kv-t-c1.0,False
4683.269541677137,0.05251282051284534,8.814586410256481,16.848041794871733,13.288090000000436,0.7589907905369155,3.2201307035695024,3:3,128,kv-s1.5-c0.8,False
4693.17635660523,0.04512820512820781,5.3320482051280464,18.24004846153855,13.287985000000429,0.7839832428254524,3.226942448791647,3:3,128,kv-s3.0-c0.8,False
3241.0271185913693,29.997105384615395,44.792398205128734,51.905653846153655,14.033589999999862,0.12472538995368226,2.2284711231760563,3:3,160,rr,False
3531.7589982401773,21.244687179487073,31.20257333333359,33.53745230769118,14.033764999999828,0.24491165583439808,2.42837306002429,3:3,160,ll,False
4821.835588544599,0.0648205128205177,8.467260256409986,20.11991538461507,14.031664999999855,0.7419291973319782,3.315406189641649,3:3,160,kv-nvda,False
4821.835588544599,0.0648205128205177,8.467260256409986,20.11991538461507,14.031664999999855,0.7419291973319782,3.315406189641649,3:3,160,kv-t-c0.5,False
4824.768576230512,0.07056410256410572,8.682502307692346,18.451241282051456,14.034219999999868,0.7493977234322268,3.3174228584702417,3:3,160,kv-t-c0.6,False
4841.930936485021,0.06646153846151037,8.43178153846145,18.955772307692314,14.032749999999798,0.7529774951547458,3.329223384301492,3:3,160,kv-t-c0.7,False
4845.67635682093,0.05333333333334167,7.791862564102587,18.0130761538461,14.033169999999815,0.7695158260048839,3.3317986669996373,3:3,160,kv-t-c0.8,False
4854.574932298835,0.05169230769229216,10.477842051281925,19.312765384615318,14.033134999999861,0.7729591341913498,3.3379171651683697,3:3,160,kv-t-c0.9,False
4833.914957250363,0.05333333333334167,9.033210512820574,20.015314358974308,14.034219999999857,0.7718555595084848,3.32371174320909,3:3,160,kv-t-c1.0,False
4824.768576230512,0.07056410256410572,8.682502307692346,18.451241282051456,14.034219999999868,0.7493977234322268,3.3174228584702417,3:3,160,kv-s1.5-c0.8,False
4852.466323383105,0.04928487179483909,10.77885384615388,20.988884871794824,14.033764999999885,0.7796472166573143,3.336467324143646,3:3,160,kv-s3.0-c0.8,False
3182.7207047050897,38.38727282051309,57.8012635897436,62.40731025641014,14.77999999999964,0.12472538995368226,2.1883806966269574,3:3,192,rr,False
3455.1652058050904,28.83079333333353,36.17329282051446,41.52353692307611,14.77999999999964,0.2469955772578725,2.3757085655876264,3:3,192,ll,False
4847.741720179443,0.7206169230770456,9.94742769230777,23.192443076922416,14.77999999999964,0.6869120287130234,3.3332187731681144,3:3,192,kv-nvda,False
4847.741720179443,0.7206169230770456,9.94742769230777,23.192443076922416,14.77999999999964,0.6869120287130234,3.3332187731681144,3:3,192,kv-t-c0.5,False
4902.934770658052,0.07759948717918519,8.340023076923046,18.614398974358892,14.77999999999964,0.7538957715244414,3.3711685078327953,3:3,192,kv-t-c0.6,False
4910.075296057539,0.06646153846151037,10.70899435897445,23.505755897435847,14.77999999999964,0.7614843307684426,3.3760782028383645,3:3,192,kv-t-c0.7,False
4910.855073449184,0.062315384615374114,11.441141538461636,24.01066256410263,14.77999999999964,0.7658251491343351,3.3766143635479793,3:3,192,kv-t-c0.8,False
4917.0453061920225,0.05333333333334167,10.307690769230874,23.82862615384653,14.77999999999964,0.7793405160010342,3.3808706546582963,3:3,192,kv-t-c0.9,False
4911.834018493022,0.05526974358969028,11.383565128205362,23.602228717948492,14.77999999999964,0.7775941022194037,3.3772874683019807,3:3,192,kv-t-c1.0,False
4902.934770658052,0.07759948717918519,8.340023076923046,18.614398974358892,14.77999999999964,0.7538957715244414,3.3711685078327953,3:3,192,kv-s1.5-c0.8,False
4914.048647703901,0.05333333333334167,9.573408717948723,24.41414051282038,14.77999999999964,0.7798717653520908,3.378810206947602,3:3,192,kv-s3.0-c0.8,False
3052.7961424710006,56.17052564102573,80.62928846153852,83.79615384615374,16.27348499999992,0.12472538995368226,2.0990469377487546,3:3,256,rr,False
3283.5928922221538,44.02280769230856,52.470376410258154,58.416054358976794,16.274079999999916,0.24784836025825838,2.2577385726298824,3:3,256,ll,False
4794.672156086936,1.5794679487179906,11.453438974358846,24.400765384615397,16.273239999999923,0.6797454110713004,3.2967291090053865,3:3,256,kv-nvda,False
4794.672156086936,1.5794679487179906,11.453438974358846,24.400765384615397,16.273239999999923,0.6797454110713004,3.2967291090053865,3:3,256,kv-t-c0.5,False
4847.169038554404,0.16984615384615154,12.737550769230552,26.64109666666684,16.274569999999912,0.7438136720489132,3.3328250077297286,3:3,256,kv-t-c0.6,False
4881.297167356973,0.10912820512820076,13.31285307692309,24.670371282051235,16.27551499999991,0.753113958690799,3.3562908865211445,3:3,256,kv-t-c0.7,False
4887.891134505782,0.08943589743589087,12.803822307692258,25.484338974359048,16.275059999999915,0.763735294513641,3.3608247780439893,3:3,256,kv-t-c0.8,False
4887.397323631571,0.0713558974357511,13.54253256410226,29.155725641025413,16.273904999999917,0.7663137251053884,3.360485242695095,3:3,256,kv-t-c0.9,False
4878.406487881761,0.062358974358971864,14.228716153846165,24.70999564102533,16.274744999999914,0.7761429790994,3.354303308046433,3:3,256,kv-t-c1.0,False
4847.169038554404,0.16984615384615154,12.737550769230552,26.64109666666684,16.274569999999912,0.7438136720489132,3.3328250077297286,3:3,256,kv-s1.5-c0.8,False
4892.946456399582,0.06360743589715412,15.500693846153695,27.69599102564098,16.27589999999991,0.7754157060402002,3.364300725157813,3:3,256,kv-s3.0-c0.8,False
2926.7967317809243,72.93665794871765,101.29538256410217,105.3630597435897,17.76613000000061,0.12472538995368226,2.0124120414686915,3:3,320,rr,False
3176.6914887289904,56.621794871794805,63.51423025641111,69.81947435897348,17.767145000000603,0.2584863546732942,2.184235117708146,3:3,320,ll,False
4551.046860705195,3.9209248717949663,18.799927179487042,34.624651025640446,17.76700500000061,0.6807129786178983,3.129216800169967,3:3,320,kv-nvda,False
4551.046860705195,3.9209248717949663,18.799927179487042,34.624651025640446,17.76700500000061,0.6807129786178983,3.129216800169967,3:3,320,kv-t-c0.5,False
4712.980487465088,0.4915361538462548,19.245873846153643,32.64155358974358,17.76515000000059,0.7337676281564894,3.240559407899344,3:3,320,kv-t-c0.6,False
4704.5989784373505,0.34914564102558643,17.724945641025613,33.520628461538536,17.766340000000607,0.7426710751843342,3.2347964351893,3:3,320,kv-t-c0.7,False
4724.521366446462,0.18461538461539817,15.447238717948437,31.339301025641305,17.7659900000006,0.7561588298639723,3.248494705755549,3:3,320,kv-t-c0.8,False
4728.673369247337,0.12471794871794373,16.349241025641106,29.391283076923116,17.766585000000603,0.7664602294367365,3.251349547139634,3:3,320,kv-t-c0.9,False
4729.396707536447,0.10912820512820076,15.589157435897448,31.26490205128175,17.767320000000584,0.7670441929630912,3.2518469013519216,3:3,320,kv-t-c1.0,False
4712.980487465088,0.4915361538462548,19.245873846153643,32.64155358974358,17.76515000000059,0.7337676281564894,3.240559407899344,3:3,320,kv-s1.5-c0.8,False
4743.0127907855895,0.08287179487180651,15.647764615384574,32.92515384615376,17.7665150000006,0.7747783437388681,3.261209071806287,3:3,320,kv-s3.0-c0.8,False
2805.4746466840984,89.90263743589747,117.43961641025601,127.99408358974324,19.259999999999703,0.12472538995368226,1.9289931889416903,3:3,384,rr,False
2995.1326400055127,75.00109846153828,89.54847794871694,94.16798974359028,19.259999999999703,0.2451352917296023,2.059398565364453,3:3,384,ll,False
4427.6186396389985,3.192784615385108,21.261977435897677,37.70489897435874,19.259999999999703,0.7101665106159731,3.0443498069710464,3:3,384,kv-nvda,False
4427.6186396389985,3.192784615385108,21.261977435897677,37.70489897435874,19.259999999999703,0.7101665106159731,3.0443498069710464,3:3,384,kv-t-c0.5,False
4489.944353744637,0.9821625641025662,17.532051282051327,35.15014102564061,19.259999999999703,0.7416017304854291,3.087203831029971,3:3,384,kv-t-c0.6,False
4518.23001511513,0.9038225641027395,20.409355897435887,35.671891282051206,19.259999999999703,0.7429296256631774,3.1066525357947365,3:3,384,kv-t-c0.7,False
4523.766869686179,0.30248153846170567,18.261532820513196,37.5821292307694,19.259999999999703,0.7566720514234767,3.110459575993206,3:3,384,kv-t-c0.8,False
4520.308829886998,0.281556923077261,16.929752307692297,35.58131333333307,19.259999999999703,0.7626447272246808,3.1080818909096517,3:3,384,kv-t-c0.9,False
4529.323662279155,0.17996820512763634,13.988884615384507,31.326398974358995,19.259999999999703,0.7692563627264685,3.1142803252118383,3:3,384,kv-t-c1.0,False
4489.944353744637,0.9821625641025662,17.532051282051327,35.15014102564061,19.259999999999703,0.7416017304854291,3.087203831029971,3:3,384,kv-s1.5-c0.8,False
4531.173261430969,0.1637323076921291,14.90084410256435,31.91660051282082,19.259999999999703,0.7773446797362831,3.11555207584781,3:3,384,kv-s3.0-c0.8,False
716.9000053074125,0.22810256410230068,1.8379487179490752,2.675692307691861,10.580000000000341,0.37666263589588883,0.49292736579343494,4:2,8,rr,True
699.9144505312063,0.956717948718051,2.043076923077024,2.675692307691861,10.580000000000341,0.08723146292333647,0.4812484081837399,4:2,8,ll,True
715.4122238185482,0.5743589743588018,1.8387692307692305,2.5821538461536875,10.580000000000341,0.43240525197489893,0.4919043943821464,4:2,8,kv-nvda,True
715.4122238185482,0.5743589743588018,1.8387692307692305,2.5821538461536875,10.580000000000341,0.43240525197489893,0.4919043943821464,4:2,8,kv-t-c0.5,True
715.1863094580305,0.5965128205129986,1.8338461538460251,2.6264615384616263,10.580000000000341,0.4186073736405847,0.49174905978903644,4:2,8,kv-t-c0.6,True
714.5917448392704,0.6482051282050634,1.8633846153848026,2.675692307691861,10.580000000000341,0.4154869683028067,0.4913402480033625,4:2,8,kv-t-c0.7,True
714.211044093171,0.6399999999998727,1.89128205128236,2.675692307691861,10.580000000000341,0.4062197706454155,0.4910784851151758,4:2,8,kv-t-c0.8,True
713.701721024331,0.6736410256407908,1.8838974358973246,2.6190769230770456,10.580000000000341,0.4050057472143069,0.49072828386423084,4:2,8,kv-t-c0.9,True
714.2414756731553,0.6400000000003274,1.846153846154266,2.631384615384377,10.580000000000341,0.3954469100935779,0.4910994093144331,4:2,8,kv-t-c1.0,True
715.1863094580305,0.5965128205129986,1.8338461538460251,2.6264615384616263,10.580000000000341,0.4186073736405847,0.49174905978903644,4:2,8,kv-s1.5-c0.8,True
714.2838584314542,0.6276923076920866,1.89128205128236,2.610871794871855,10.580000000000341,0.41749421456221103,0.4911285509258833,4:2,8,kv-s3.0-c0.8,True
1329.4255830204254,0.22974358974352072,1.8633846153848026,2.6847179487181165,10.860000000000307,0.37666263589588883,0.9140887791954437,4:2,16,rr,True
1303.0812951076357,0.9271794871792736,2.064410256410156,2.675692307692316,10.860000000000307,0.13319936478277766,0.8959749274052113,4:2,16,ll,True
1345.6351918827493,0.04594871794870414,1.4941538461539494,2.2777435897435225,10.860000000000307,0.6751330348326599,0.9252342105497383,4:2,16,kv-nvda,True
1345.6351918827493,0.04594871794870414,1.4941538461539494,2.2777435897435225,10.860000000000307,0.6751330348326599,0.9252342105497383,4:2,16,kv-t-c0.5,True
1343.9536085442194,0.04676923076931416,1.5187692307690668,2.187487179487107,10.860000000000307,0.6675654699788207,0.9240779845219979,4:2,16,kv-t-c0.6,True
1346.8429177326414,0.04512820512809412,1.4933333333333394,2.2088205128206937,10.860000000000307,0.6780914182463614,0.9260646208125094,4:2,16,kv-t-c0.7,True
1345.366384729212,0.04758974358992418,1.5310769230768528,2.289230769230926,10.860000000000307,0.6734251868329575,0.9250493836546084,4:2,16,kv-t-c0.8,True
1340.1803035963062,0.05743589743588018,1.6287179487180765,2.445128205128185,10.860000000000307,0.6370389420835517,0.9214835288733155,4:2,16,kv-t-c0.9,True
1341.2145401354258,0.05251282051290218,1.5975384615385337,2.3302564102564247,10.860000000000307,0.6576022626475797,0.9221946510508316,4:2,16,kv-t-c1.0,True
1343.9536085442194,0.04676923076931416,1.5187692307690668,2.187487179487107,10.860000000000307,0.6675654699788207,0.9240779845219979,4:2,16,kv-s1.5-c0.8,True
1339.4753132094243,0.06071794871786551,1.6213333333334958,2.433641025641009,10.860000000000307,0.6336949008505695,0.9209987903438935,4:2,16,kv-s3.0-c0.8,True
1841.7476143176457,0.22974358974352072,1.9777641025634694,2.7241025641026226,11.139999999999686,0.37666263589588883,1.2663520620182558,4:2,24,rr,True
1808.879020978644,0.9271794871792736,2.08164102564092,2.675692307692316,11.139999999999686,0.15572086862920095,1.2437522168348507,4:2,24,ll,True
1883.7832737064327,0.031179487179542775,0.3659487179486405,1.3538461538462343,11.139999999999686,0.8250409675858026,1.295255014589751,4:2,24,kv-nvda,True
1883.7832737064327,0.031179487179542775,0.3659487179486405,1.3538461538462343,11.139999999999686,0.8250409675858026,1.295255014589751,4:2,24,kv-t-c0.5,True
1883.5884977529067,0.031179487179542775,0.4242051282051307,1.4941538461539494,11.139999999999686,0.8261812824514511,1.2951210901972545,4:2,24,kv-t-c0.6,True
1881.539098202949,0.03199999999992542,0.5021538461537602,1.5975384615385337,11.139999999999686,0.8235832266688999,1.2937119604523248,4:2,24,kv-t-c0.7,True
1881.3967450024109,0.031179487179542775,0.4964102564101722,1.600820512820519,11.139999999999686,0.8236103824561748,1.293614080988475,4:2,24,kv-t-c0.8,True
1880.796800908461,0.03199999999992542,0.5768205128204045,1.600820512820519,11.139999999999686,0.8215862494046835,1.2932015703737942,4:2,24,kv-t-c0.9,True
1881.5255649412647,0.03199999999992542,0.5650061538458431,1.5187692307690668,11.139999999999686,0.8235035849062201,1.2937026552284678,4:2,24,kv-t-c1.0,True
1883.5884977529067,0.031179487179542775,0.4242051282051307,1.4941538461539494,11.139999999999686,0.8261812824514511,1.2951210901972545,4:2,24,kv-s1.5-c0.8,True
1880.376608349776,0.03199999999992542,0.6244102564103287,1.6246153846154812,11.139999999999686,0.8202606362258659,1.2929126536356923,4:2,24,kv-s3.0-c0.8,True
2287.7801186962724,0.2382307692307677,2.1095384615384773,2.8958076923076987,11.419999999999554,0.37666263589588883,1.5730358754007467,4:2,32,rr,True
2254.593974422219,0.8984615384615608,2.0972307692306913,2.7241025641026226,11.419999999999554,0.19927122082150592,1.550217687987238,4:2,32,ll,True
2348.9299824579,0.030358974358932755,0.2822564102564229,0.9936410256409545,11.419999999999554,0.835144974251065,1.6150814062132641,4:2,32,kv-nvda,True
2348.9299824579,0.030358974358932755,0.2822564102564229,0.9936410256409545,11.419999999999554,0.835144974251065,1.6150814062132641,4:2,32,kv-t-c0.5,True
2348.443695081837,0.031179487179542775,0.2978461538461943,1.0477948717948493,11.419999999999554,0.834786015819273,1.61474704388445,4:2,32,kv-t-c0.6,True
2346.8980196805855,0.031179487179542775,0.29948717948718695,1.161846153846227,11.419999999999554,0.8345696823206469,1.613684265675118,4:2,32,kv-t-c0.7,True
2347.017689116644,0.030358974358932755,0.2978461538461943,1.2471794871794373,11.419999999999554,0.8349400507470922,1.613766548196314,4:2,32,kv-t-c0.8,True
2347.7456797183304,0.031179487179542775,0.29210256410260627,1.0601025641026354,11.419999999999554,0.8389522612669704,1.6142671012538607,4:2,32,kv-t-c0.9,True
2348.169684474445,0.030358974358932755,0.29620512820508793,1.1257435897434789,11.419999999999554,0.838456382899339,1.6145586391893723,4:2,32,kv-t-c1.0,True
2348.443695081837,0.031179487179542775,0.2978461538461943,1.0477948717948493,11.419999999999554,0.834786015819273,1.61474704388445,4:2,32,kv-s1.5-c0.8,True
2345.805398129917,0.03199999999992542,0.4964102564101722,1.4572307692308186,11.419999999999554,0.8263453581745651,1.6129329990287338,4:2,32,kv-s3.0-c0.8,True
2994.9254804669667,0.2822564102564229,2.6566038461537573,3.671181025640635,11.979999999999642,0.37666263589588883,2.059256126244801,4:2,48,rr,True
2968.844457164669,0.8910769230769802,2.218988205128312,2.9618107692311924,11.979999999999642,0.23270798195303966,2.0413232903982093,4:2,48,ll,True
3057.1038215917365,0.030358974358932755,0.262564102564113,0.644923076923078,11.979999999999642,0.8351426922521344,2.1020088193304924,4:2,48,kv-nvda,True
3057.1038215917365,0.030358974358932755,0.262564102564113,0.644923076923078,11.979999999999642,0.8351426922521344,2.1020088193304924,4:2,48,kv-t-c0.5,True
3057.1213384703865,0.030358974358932755,0.2551794871794755,0.6153846153846416,11.979999999999642,0.84074773802561,2.102020863616705,4:2,48,kv-t-c0.6,True
3057.1689650952944,0.030358974358932755,0.24866974358963034,0.5858461538462052,11.979999999999642,0.8433985079834592,2.102053610815176,4:2,48,kv-t-c0.7,True
3056.8587628735913,0.030358974358932755,0.24861538461527743,0.6105343589739505,11.979999999999642,0.8429302418028887,2.1018403214263137,4:2,48,kv-t-c0.8,True
3057.2348133585638,0.030358974358932755,0.25107692307693696,0.5858461538462052,11.979999999999642,0.8443612833323026,2.1020988868797805,4:2,48,kv-t-c0.9,True
3057.1889297003827,0.030358974358932755,0.24943589743588745,0.5858461538462052,11.979999999999642,0.8446718633867648,2.1020673381134354,4:2,48,kv-t-c1.0,True
3057.1213384703865,0.030358974358932755,0.2551794871794755,0.6153846153846416,11.979999999999642,0.84074773802561,2.102020863616705,4:2,48,kv-s1.5-c0.8,True
3056.929683659617,0.030358974358932755,0.25433230769181137,0.6104615384615499,11.979999999999642,0.8452740829045647,2.1018890852650314,4:2,48,kv-s3.0-c0.8,True
3405.253932920498,0.34170153846150697,3.657074871794862,5.059580512821071,12.540000000000576,0.37666263589588883,2.341390484845181,4:2,64,rr,True
3386.0800095792224,1.0100512820513359,2.5445994871794824,3.4559369230769903,12.540000000000576,0.22689892547516352,2.3282068449308704,4:2,64,ll,True
3483.099921159244,0.031179487179542775,0.2822564102564229,0.8795897435897473,12.540000000000576,0.8364628286335185,2.394915966273595,4:2,64,kv-nvda,True
3483.099921159244,0.031179487179542775,0.2822564102564229,0.8795897435897473,12.540000000000576,0.8364628286335185,2.394915966273595,4:2,64,kv-t-c0.5,True
3483.3788289677714,0.0303589743589896,0.27405128205128904,0.6974358974358665,12.540000000000576,0.8402717130486753,2.3951077381948376,4:2,64,kv-t-c0.6,True
3483.2652364587943,0.031179487179485932,0.27405128205128904,0.6797497435897526,12.540000000000576,0.8415128922670587,2.395029634057846,4:2,64,kv-t-c0.7,True
3483.932047220411,0.031179487179485932,0.26338461538460933,0.6974358974358665,12.540000000000576,0.8422890001033746,2.395488120973417,4:2,64,kv-t-c0.8,True
3483.5724951686916,0.0303589743589896,0.262564102564113,0.6826666666666483,12.540000000000576,0.843505990133093,2.3952408995416867,4:2,64,kv-t-c0.9,True
3483.4460368827463,0.0303589743589896,0.26174358974361667,0.6514835897432931,12.540000000000576,0.8442051946054459,2.395153949131152,4:2,64,kv-t-c1.0,True
3483.3788289677714,0.0303589743589896,0.27405128205128904,0.6974358974358665,12.540000000000576,0.8402717130486753,2.3951077381948376,4:2,64,kv-s1.5-c0.8,True
3483.781603963804,0.031179487179485932,0.262564102564113,0.6826666666666483,12.540000000000576,0.8447049523712593,2.3953846789345947,4:2,64,kv-s3.0-c0.8,True
3828.3022632428333,0.8367312820511756,9.719065641024713,12.637363589742677,13.659999999999869,0.37666263589588883,2.6322707994291923,4:2,96,rr,False
3839.281317426518,1.7028348717949484,3.5792287179491495,4.65707282051244,13.659999999999869,0.23282527669807535,2.6398197968034447,4:2,96,ll,True
4001.0416282057013,0.031179487179542775,0.2847179487179119,0.7917948717948775,13.659999999999869,0.8290953950858979,2.7510432356261556,4:2,96,kv-nvda,True
4001.0416282057013,0.031179487179542775,0.2847179487179119,0.7917948717948775,13.659999999999869,0.8290953950858979,2.7510432356261556,4:2,96,kv-t-c0.5,True
4000.310180546058,0.031179487179542775,0.26338461538460933,0.6974358974358665,13.659999999999869,0.8365157710087097,2.7505403055586224,4:2,96,kv-t-c0.6,True
4000.818259885801,0.031999999999982265,0.27076923076924686,0.644923076923078,13.659999999999869,0.8395145458034838,2.750889651644129,4:2,96,kv-t-c0.7,True
4000.1860308988835,0.031999999999982265,0.2748717948718422,0.7647179487179301,13.659999999999869,0.8408458639796281,2.7504549425259923,4:2,96,kv-t-c0.8,True
4000.5215031895655,0.031179487179542775,0.27444871794870096,0.6949743589743775,13.659999999999869,0.841639315007817,2.7506856071533017,4:2,96,kv-t-c0.9,True
4000.5070595541097,0.031179487179542775,0.26174358974361667,0.6153846153846416,13.659999999999869,0.8438841173559026,2.7506756759730466,4:2,96,kv-t-c1.0,True
4000.310180546058,0.031179487179542775,0.26338461538460933,0.6974358974358665,13.659999999999869,0.8365157710087097,2.7505403055586224,4:2,96,kv-s1.5-c0.8,True
4000.510420039002,0.031179487179485932,0.2617435897435598,0.6342564102563983,13.659999999999869,0.8447257185615282,2.750677986581156,4:2,96,kv-s3.0-c0.8,True
3974.545502510674,1.8796620512819686,16.365151794871963,20.52065743589685,14.77999999999964,0.37666263589588883,2.732824982946717,4:2,128,rr,False
3862.3120472979745,4.7767948717947775,7.977032307691729,8.766592307691894,14.77999999999964,0.2419343318295721,2.6556553065311497,4:2,128,ll,False
4213.840326415655,0.03282051282053544,0.3035241025640971,1.0216256410256221,14.77999999999964,0.8206682012348809,2.89735973859218,4:2,128,kv-nvda,True
4213.840326415655,0.03282051282053544,0.3035241025640971,1.0216256410256221,14.77999999999964,0.8206682012348809,2.89735973859218,4:2,128,kv-t-c0.5,True
4213.503863540223,0.031999999999982265,0.33641025641020406,0.8656410256410254,14.77999999999964,0.8305501694041906,2.897128392856867,4:2,128,kv-t-c0.6,True
4214.037154262835,0.031999999999982265,0.30851282051281714,0.9099487179487369,14.77999999999964,0.8347657060287902,2.897495073829322,4:2,128,kv-t-c0.7,True
4214.816550281259,0.031999999999982265,0.2912820512820531,0.7540523076922909,14.77999999999964,0.8372437286675888,2.8980309723136672,4:2,128,kv-t-c0.8,True
4214.840619580386,0.031999999999982265,0.2814358974358697,0.7135861538461086,14.77999999999964,0.8402420470625768,2.8980475219246693,4:2,128,kv-t-c0.9,True
4214.655410507657,0.031999999999982265,0.28471794871796874,0.8055953846152306,14.77999999999964,0.8412340319977326,2.897920175544887,4:2,128,kv-t-c1.0,True
4213.503863540223,0.031999999999982265,0.33641025641020406,0.8656410256410254,14.77999999999964,0.8305501694041906,2.897128392856867,4:2,128,kv-s1.5-c0.8,True
4214.707676546194,0.031999999999982265,0.3011282051281796,0.924244102564046,14.77999999999964,0.8442620163788191,2.897956112719537,4:2,128,kv-s3.0-c0.8,True
3979.4414578915826,3.8034051282052133,22.374125641025557,26.646082051281383,15.900000000000572,0.37666263589588883,2.736191352553478,4:2,160,rr,False
3686.2431044190116,10.38402307692354,13.93638717948761,15.069971794872345,15.900000000000572,0.2266773433789969,2.534593513298011,4:2,160,ll,False
4285.308219192701,0.033641025641031774,0.3636102564101975,1.0887538461538213,15.900000000000572,0.8174745437314288,2.946499757931823,4:2,160,kv-nvda,True
4285.308219192701,0.033641025641031774,0.3636102564101975,1.0887538461538213,15.900000000000572,0.8174745437314288,2.946499757931823,4:2,160,kv-t-c0.5,True
4286.435088673138,0.03282051282053544,0.3364102564102609,0.9403076923076981,15.900000000000572,0.8266518306309522,2.947274572829958,4:2,160,kv-t-c0.6,True
4285.527043902369,0.03282051282053544,0.3117948717948593,0.7647179487179301,15.900000000000572,0.8323921989410156,2.94665021781034,4:2,160,kv-t-c0.7,True
4285.562418641797,0.03282051282053544,0.31753846153844734,0.799923076923136,15.900000000000572,0.8338720752475456,2.946674540835857,4:2,160,kv-t-c0.8,True
4284.409486680587,0.03282051282050702,0.3314871794871692,0.9045205128204543,15.900000000000572,0.837812402801108,2.9458818058513807,4:2,160,kv-t-c0.9,True
4286.795151802207,0.03200000000001069,0.28271025641032566,0.699076923076916,15.900000000000572,0.8392338599350132,2.947522145669151,4:2,160,kv-t-c1.0,True
4286.435088673138,0.03282051282053544,0.3364102564102609,0.9403076923076981,15.900000000000572,0.8266518306309522,2.947274572829958,4:2,160,kv-s1.5-c0.8,True
4287.731511583467,0.031999999999982265,0.2912820512820531,0.6646897435897756,15.900000000000572,0.8429437055965796,2.948165969573453,4:2,160,kv-s3.0-c0.8,True
3927.3602467427277,5.846666153846115,28.374481025641217,32.46036410256397,17.02000000000025,0.37666263589588883,2.700381261845042,4:2,192,rr,False
3498.647471982145,16.73595179487171,20.52434307692272,21.580079487178864,17.02000000000025,0.20716146032413968,2.4056061785973983,4:2,192,ll,False
4278.272146224357,0.03446153846152811,0.473435897435877,1.0625641025641244,17.02000000000025,0.8115297083171786,2.941661882512463,4:2,192,kv-nvda,True
4278.272146224357,0.03446153846152811,0.473435897435877,1.0625641025641244,17.02000000000025,0.8115297083171786,2.941661882512463,4:2,192,kv-t-c0.5,True
4280.901605766806,0.033641025641031774,0.3432482051280772,0.9787835897436423,17.02000000000025,0.8260137837299409,2.9434698509266406,4:2,192,kv-t-c0.6,True
4280.724198426357,0.033641025641031774,0.3364102564102609,0.8297912820513602,17.02000000000025,0.8293130977838824,2.9433478688756542,4:2,192,kv-t-c0.7,True
4281.055003843245,0.03282051282053544,0.3296943589743364,0.888491794871868,17.02000000000025,0.8349662937347948,2.943575324645677,4:2,192,kv-t-c0.8,True
4279.903181129863,0.03200000000001069,0.3027692307692291,0.7650128205129363,17.02000000000025,0.8380504152895754,2.942783352359772,4:2,192,kv-t-c0.9,True
4280.425497474826,0.03282051282050702,0.3027692307692291,0.8413353846154337,17.02000000000025,0.8398550200439376,2.9431424875503533,4:2,192,kv-t-c1.0,True
4280.901605766806,0.033641025641031774,0.3432482051280772,0.9787835897436423,17.02000000000025,0.8260137837299409,2.9434698509266406,4:2,192,kv-s1.5-c0.8,True
4280.667497474716,0.03282051282053544,0.31998410256395005,0.9403076923076981,17.02000000000025,0.8415783856363684,2.943308882335657,4:2,192,kv-s3.0-c0.8,True
3743.333350789299,9.903923076922979,39.85256923076918,44.41958666666676,19.259999999999703,0.37666263589588883,2.5738477252487235,4:2,256,rr,False
3277.177858740884,26.785304615384746,34.502083076922304,36.08098102564088,19.259999999999703,0.2091036696140204,2.2533277126326876,4:2,256,ll,False
4139.7071052797555,0.03692307692307395,0.5143117948718157,1.1257435897435926,19.259999999999703,0.8047245593060716,2.8463870880945255,4:2,256,kv-nvda,True
4139.7071052797555,0.03692307692307395,0.5143117948718157,1.1257435897435926,19.259999999999703,0.8047245593060716,2.8463870880945255,4:2,256,kv-t-c0.5,True
4137.342626919574,0.03610256410257762,0.45308102564101205,1.0420512820512897,19.259999999999703,0.819494797384738,2.8447613159074274,4:2,256,kv-t-c0.6,True
4138.909164251322,0.03437435897433261,0.37221076923083274,1.0085071794870828,19.259999999999703,0.8288742693895174,2.8458384383996003,4:2,256,kv-t-c0.7,True
4138.716845680316,0.033641025641031774,0.36594871794872574,0.8196923076923213,19.259999999999703,0.8315293751453348,2.8457062036584957,4:2,256,kv-t-c0.8,True
4138.288681613722,0.033641025641031774,0.3421538461538489,0.9769830769231476,19.259999999999703,0.8359781320606473,2.8454118058569735,4:2,256,kv-t-c0.9,True
4138.452537601803,0.033641025641031774,0.3157461538461348,0.9002466666667317,19.259999999999703,0.8361276029906053,2.8455244702452798,4:2,256,kv-t-c1.0,True
4137.342626919574,0.03610256410257762,0.45308102564101205,1.0420512820512897,19.259999999999703,0.819494797384738,2.8447613159074274,4:2,256,kv-s1.5-c0.8,True
4138.762491825756,0.033641025641031774,0.3208205128204895,1.0024589743590013,19.259999999999703,0.8395209354004897,2.845737589115413,4:2,256,kv-s3.0-c0.8,True
3531.3609187106117,14.559833333333131,50.61407692307705,54.22535897435864,21.5,0.37666263589588883,2.4280993478016204,4:2,320,rr,False
3072.755699097565,36.707282051281936,39.979423076921876,41.34143589743701,21.5,0.23574007393220137,2.1127707647783254,4:2,320,ll,False
3924.2641701235725,0.037743589743598704,0.5776410256410145,1.1733333333333462,21.5,0.8032141042138707,2.698252456041057,4:2,320,kv-nvda,False
3924.2641701235725,0.037743589743598704,0.5776410256410145,1.1733333333333462,21.5,0.8032141042138707,2.698252456041057,4:2,320,kv-t-c0.5,False
3925.9716546721293,0.03748717948741387,0.5371282051281128,1.1257435897435926,21.5,0.815504037654808,2.699426491268316,4:2,320,kv-t-c0.6,False
3927.000869079721,0.03692307692307395,0.427717948717941,1.1257435897435926,21.5,0.8205995130670681,2.700134160319809,4:2,320,kv-t-c0.7,False
3926.871185266961,0.03653846153852669,0.4874487179486948,1.0477948717948777,21.5,0.8291615730548869,2.7000449920958776,4:2,320,kv-t-c0.8,False
3926.520103213492,0.03610256410257762,0.45770512820516274,0.992333333333363,21.5,0.8330665296250243,2.6998035944804317,4:2,320,kv-t-c0.9,False
3926.2471507371038,0.03446153846152811,0.3953846153846712,1.059307692307783,21.5,0.8365903923737421,2.6996159173369296,4:2,320,kv-t-c1.0,False
3925.9716546721293,0.03748717948741387,0.5371282051281128,1.1257435897435926,21.5,0.815504037654808,2.699426491268316,4:2,320,kv-s1.5-c0.8,False
3926.025663800703,0.033641025641031774,0.38748717948720923,1.067102564102612,21.5,0.839480315819524,2.6994636269598766,4:2,320,kv-s3.0-c0.8,False
3320.128534630651,18.622453846154144,61.34451179487178,66.97540102564113,23.739999999999853,0.37666263589588883,2.2828598138583143,4:2,384,rr,False
2861.7679750740217,48.79070307692308,55.48958256410208,56.51232512820502,23.739999999999853,0.22219024888164937,1.9676994546266668,4:2,384,ll,False
3691.6617086837505,0.04173282051291949,0.8418676923076305,1.5334333333333632,23.739999999999853,0.7985766259869931,2.5383192467430113,4:2,384,kv-nvda,False
3691.6617086837505,0.04173282051291949,0.8418676923076305,1.5334333333333632,23.739999999999853,0.7985766259869931,2.5383192467430113,4:2,384,kv-t-c0.5,False
3692.064900640477,0.03938461538461979,0.5313738461537127,1.027226153846101,23.739999999999853,0.8182940095474271,2.5385964741773352,4:2,384,kv-t-c0.6,False
3691.777780626859,0.037743589743598704,0.6244482051282034,1.1355897435897475,23.739999999999853,0.8209269799136172,2.5383990556936817,4:2,384,kv-t-c0.7,False
3693.4124410207746,0.037743589743598704,0.4802102564102597,1.1355897435897475,23.739999999999853,0.8270612212391117,2.5395230183606845,4:2,384,kv-t-c0.8,False
3692.3654871849853,0.03774358974357028,0.5415384615384653,1.06766410256418,23.739999999999853,0.8302432405480175,2.5388031520019703,4:2,384,kv-t-c0.9,False
3693.324742317934,0.037189230769172354,0.4242051282051307,1.069087692307761,23.739999999999853,0.8370906065393418,2.5394627183324316,4:2,384,kv-t-c1.0,False
3692.064900640477,0.03938461538461979,0.5313738461537127,1.027226153846101,23.739999999999853,0.8182940095474271,2.5385964741773352,4:2,384,kv-s1.5-c0.8,False
3691.9744854963114,0.03692307692307395,0.43293794871780733,1.1257435897435926,23.739999999999853,0.8400190957670517,2.5385343063735815,4:2,384,kv-s3.0-c0.8,False
685.9446287609483,0.9197948717946929,2.0192820512820617,2.688820512820712,10.860000000000307,0.1303258717292965,0.47164301357523486,5:1,8,rr,True
682.4604680912252,0.956717948718051,2.057025641025575,2.6625641025639197,10.860000000000307,0.08396934545196472,0.46924736825759916,5:1,8,ll,True
698.0182217214937,0.5531051282046064,1.8174358974356437,2.5936410256408635,10.860000000000307,0.4316143111455338,0.4799445958456267,5:1,8,kv-nvda,True
698.0182217214937,0.5531051282046064,1.8174358974356437,2.5936410256408635,10.860000000000307,0.4316143111455338,0.4799445958456267,5:1,8,kv-t-c0.5,True
697.9012886097995,0.5743589743588018,1.7969230769231217,2.5977435897439136,10.860000000000307,0.42884693104232813,0.4798641947711467,5:1,8,kv-t-c0.6,True
696.1495646826595,0.6687179487180401,1.8551794871791571,2.5977435897439136,10.860000000000307,0.39308732319928036,0.4786597413541988,5:1,8,kv-t-c0.7,True
695.5022441075506,0.6949743589739228,1.8633846153843479,2.5977435897439136,10.860000000000307,0.38560921270352294,0.4782146555353258,5:1,8,kv-t-c0.8,True
696.7204897315686,0.6482051282050634,1.8420512820512158,2.6190769230770456,10.860000000000307,0.4133352715110918,0.4790522990028817,5:1,8,kv-t-c0.9,True
695.9693098528905,0.6687179487180401,1.88882051282053,2.675692307691861,10.860000000000307,0.38629381238271954,0.47853580142150004,5:1,8,kv-t-c1.0,True
697.9012886097995,0.5743589743588018,1.7969230769231217,2.5977435897439136,10.860000000000307,0.42884693104232813,0.4798641947711467,5:1,8,kv-s1.5-c0.8,True
696.5919408013626,0.6539487179488788,1.8379487179490752,2.6231794871791863,10.860000000000307,0.4028739038132887,0.47896391110349146,5:1,8,kv-s3.0-c0.8,True
1243.988888633165,0.9206153846153029,2.036512820512826,2.692102564102697,11.419999999999554,0.1303258717292965,0.8553440666907309,5:1,16,rr,True
1242.1158799180882,0.928000000000111,2.0160000000000764,2.675692307692316,11.419999999999554,0.1280637261893379,0.8540562200661029,5:1,16,ll,True
1277.3733438388165,0.05251282051290218,1.576205128204947,2.3589743589741374,11.419999999999554,0.6578804383172266,0.8782986090831727,5:1,16,kv-nvda,True
1277.3733438388165,0.05251282051290218,1.576205128204947,2.3589743589741374,11.419999999999554,0.6578804383172266,0.8782986090831727,5:1,16,kv-t-c0.5,True
1277.661348879121,0.050051282051299495,1.5630769230770056,2.3179487179486387,11.419999999999554,0.66536197181138,0.8784966360950314,5:1,16,kv-t-c0.6,True
1278.3444991750303,0.05251282051267481,1.5269743589742575,2.3589743589741374,11.419999999999554,0.656217089296672,0.8789663577763127,5:1,16,kv-t-c0.7,True
1275.1984870027554,0.06235897435908555,1.5606153846151756,2.3729230769231435,11.419999999999554,0.6373919673181241,0.8768032171969392,5:1,16,kv-t-c0.8,True
1271.8640249828939,0.07302564102565157,1.6533333333331939,2.4139487179486423,11.419999999999554,0.6049127329378934,0.8745105019401109,5:1,16,kv-t-c0.9,True
1273.0983404281835,0.06564102564107088,1.6533333333331939,2.445128205128185,11.419999999999554,0.6256693388113478,0.8753591947236238,5:1,16,kv-t-c1.0,True
1277.661348879121,0.050051282051299495,1.5630769230770056,2.3179487179486387,11.419999999999554,0.66536197181138,0.8784966360950314,5:1,16,kv-s1.5-c0.8,True
1272.6186250036444,0.07056410256427625,1.654974358974414,2.5459923076914492,11.419999999999554,0.613433032345281,0.8750293511487907,5:1,16,kv-s3.0-c0.8,True
1688.5258645891247,0.9271794871795009,2.064410256410156,2.7241025641026226,11.979999999999642,0.1303258717292965,1.1609995820115717,5:1,24,rr,True
1687.884064783142,0.9091282051281269,2.011076923076871,2.6313846153846043,11.979999999999642,0.16698184875230568,1.160558292172839,5:1,24,ll,True
1751.0576136811628,0.03199999999992542,0.634256410256512,1.6205128205128858,11.979999999999642,0.8130408480090586,1.203995271968607,5:1,24,kv-nvda,True
1751.0576136811628,0.03199999999992542,0.634256410256512,1.6205128205128858,11.979999999999642,0.8130408480090586,1.203995271968607,5:1,24,kv-t-c0.5,True
1752.030343969038,0.03199999999992542,0.5858461538462052,1.5630769230770056,11.979999999999642,0.8176954412279163,1.204664103569779,5:1,24,kv-t-c0.6,True
1751.9689788360297,0.03199999999992542,0.6104615384615499,1.5630769230770056,11.979999999999642,0.8193656362452628,1.2046219100237592,5:1,24,kv-t-c0.7,True
1751.191557682565,0.03200000000003911,0.7113846153845316,1.6746666666667807,11.979999999999642,0.8142980012199567,1.2040873694205336,5:1,24,kv-t-c0.8,True
1750.8822900732227,0.03282051282053544,0.790958974358773,1.7206153846154848,11.979999999999642,0.8122715861695348,1.2038747226540811,5:1,24,kv-t-c0.9,True
1752.0383513279178,0.03199999999992542,0.6826666666667052,1.6082051282050998,11.979999999999642,0.81620392672684,1.2046696092836724,5:1,24,kv-t-c1.0,True
1752.030343969038,0.03199999999992542,0.5858461538462052,1.5630769230770056,11.979999999999642,0.8176954412279163,1.204664103569779,5:1,24,kv-s1.5-c0.8,True
1751.1137364153556,0.03200000000003911,0.7712820512820144,1.7206153846154848,11.979999999999642,0.8134342646247036,1.204033860936834,5:1,24,kv-s3.0-c0.8,True
2060.7193618389915,0.9312820512820963,2.162871794871762,2.7931379487183676,12.540000000000576,0.1303258717292965,1.4169130410805977,5:1,32,rr,True
2062.1641430904683,0.8943589743589655,2.011076923076871,2.662564102564147,12.540000000000576,0.17740305326892924,1.4179064463130788,5:1,32,ll,True
2139.6571159799264,0.030358974358932755,0.29210256410260627,1.0420512820512613,12.540000000000576,0.8350112491137287,1.4711892008271104,5:1,32,kv-nvda,True
2139.6571159799264,0.030358974358932755,0.29210256410260627,1.0420512820512613,12.540000000000576,0.8350112491137287,1.4711892008271104,5:1,32,kv-t-c0.5,True
2137.855205065626,0.031179487179542775,0.29948717948718695,1.1167179487179055,12.540000000000576,0.8350390895006826,1.4699502397533133,5:1,32,kv-t-c0.6,True
2137.8590083525055,0.030358974358932755,0.3011282051281796,1.1355897435896622,12.540000000000576,0.8343802764094025,1.4699528548239913,5:1,32,kv-t-c0.7,True
2137.9077411776357,0.030358974358932755,0.29620512820508793,1.1093333333333248,12.540000000000576,0.8352914785824131,1.4699863626255556,5:1,32,kv-t-c0.8,True
2137.2536692677954,0.030358974358932755,0.3011282051281796,1.1257435897434789,12.540000000000576,0.8353273059656244,1.4695366347120806,5:1,32,kv-t-c0.9,True
2137.7102688252003,0.030358974358932755,0.29948717948718695,1.1355897435896622,12.540000000000576,0.8353791073413503,1.4698505842383571,5:1,32,kv-t-c1.0,True
2137.855205065626,0.031179487179542775,0.29948717948718695,1.1167179487179055,12.540000000000576,0.8350390895006826,1.4699502397533133,5:1,32,kv-s1.5-c0.8,True
2137.805569786566,0.030358974358932755,0.29374358974359893,1.1355897435896622,12.540000000000576,0.8365509137922418,1.4699161114408903,5:1,32,kv-s3.0-c0.8,True
2610.2734809496783,0.9517948717948457,2.2867692307693233,2.9349743589743866,13.659999999999869,0.1303258717292965,1.7947764282875798,5:1,48,rr,True
2616.6835683077475,0.8582564102564447,1.9895928205121436,2.6461538461538794,13.659999999999869,0.22343165629992587,1.79918388742069,5:1,48,ll,True
2682.0240967609047,0.030358974358932755,0.24861538461527743,0.6153846153846416,13.659999999999869,0.8388023339372264,1.844110842828027,5:1,48,kv-nvda,True
2682.0240967609047,0.030358974358932755,0.24861538461527743,0.6153846153846416,13.659999999999869,0.8388023339372264,1.844110842828027,5:1,48,kv-t-c0.5,True
2682.016488897266,0.030358974358932755,0.25682051282046814,0.633435897435902,13.659999999999869,0.8422757645095768,1.8441056117997734,5:1,48,kv-t-c0.6,True
2681.3568297262123,0.030358974358932755,0.2585189743591627,0.6580364102560452,13.659999999999869,0.8429788483801116,1.8436520421874123,5:1,48,kv-t-c0.7,True
2681.2966713499995,0.030358974358932755,0.25107692307693696,0.6153846153846416,13.659999999999869,0.84453676905007,1.8436106783853514,5:1,48,kv-t-c0.8,True
2681.2966713499995,0.030358974358932755,0.25107692307693696,0.6153846153846416,13.659999999999869,0.8446730043862302,1.8436106783853514,5:1,48,kv-t-c0.9,True
2681.3220229452772,0.030358974358932755,0.25682051282046814,0.6153846153846416,13.659999999999869,0.8449637310499957,1.8436281096797946,5:1,48,kv-t-c1.0,True
2682.016488897266,0.030358974358932755,0.25682051282046814,0.633435897435902,13.659999999999869,0.8422757645095768,1.8441056117997734,5:1,48,kv-s1.5-c0.8,True
2681.3485183526586,0.030358974358932755,0.25682051282046814,0.6153846153846416,13.659999999999869,0.8451250683743929,1.8436463274385748,5:1,48,kv-s3.0-c0.8,True
2883.9378267652755,0.9985641025640462,2.6108717948717413,3.461530769230876,14.77999999999964,0.1303258717292965,1.9829430402220034,5:1,64,rr,True
2901.3138796386143,0.8820512820512931,2.0302656410257214,2.696205128205179,14.77999999999964,0.22116426216242674,1.99489049719973,5:1,64,ll,True
2957.395986954622,0.030358974358932755,0.25682051282046814,0.644923076923078,14.77999999999964,0.8373112758359361,2.033451531127426,5:1,64,kv-nvda,True
2957.395986954622,0.030358974358932755,0.25682051282046814,0.644923076923078,14.77999999999964,0.8373112758359361,2.033451531127426,5:1,64,kv-t-c0.5,True
2957.120744499483,0.030358974358932755,0.25682051282046814,0.627692307692314,14.77999999999964,0.8422146069382352,2.0332622794363084,5:1,64,kv-t-c0.6,True
2957.054238907917,0.030358974358932755,0.2608625641029221,0.6342564102563983,14.77999999999964,0.8430171859621467,2.033216551404758,5:1,64,kv-t-c0.7,True
2956.973003748065,0.030358974358932755,0.25846153846151765,0.6342564102563983,14.77999999999964,0.8435707989027237,2.033160695590755,5:1,64,kv-t-c0.8,True
2957.009850067403,0.030358974358932755,0.25682051282046814,0.6342564102563983,14.77999999999964,0.8443252277491983,2.0331860304477725,5:1,64,kv-t-c0.9,True
2956.9611046580117,0.030358974358932755,0.25682051282046814,0.6342564102563983,14.77999999999964,0.8445045928651478,2.0331525139935,5:1,64,kv-t-c1.0,True
2957.120744499483,0.030358974358932755,0.25682051282046814,0.627692307692314,14.77999999999964,0.8422146069382352,2.0332622794363084,5:1,64,kv-s1.5-c0.8,True
2957.0991578739563,0.030358974358932755,0.25682051282046814,0.6342564102563983,14.77999999999964,0.8448884250852841,2.0332474368663846,5:1,64,kv-s3.0-c0.8,True
3133.864885505228,1.110121025640865,3.5508615384613904,4.853915897436082,17.02000000000025,0.1303258717292965,2.154788326584302,5:1,96,rr,True
3150.459831580527,0.9394871794871733,2.2835230769231885,2.944047692308004,17.02000000000025,0.2124059502665717,2.1661987087768275,5:1,96,ll,True
3211.5038574445443,0.0303589743589896,0.27405128205128904,0.8656410256410254,17.02000000000025,0.8355064428816809,2.2081714673816677,5:1,96,kv-nvda,True
3211.5038574445443,0.0303589743589896,0.27405128205128904,0.8656410256410254,17.02000000000025,0.8355064428816809,2.2081714673816677,5:1,96,kv-t-c0.5,True
3211.9233483909316,0.0303589743589896,0.2551794871794755,0.6687179487179264,17.02000000000025,0.8394383270392,2.2084599017039523,5:1,96,kv-t-c0.6,True
3211.859938249384,0.030358974358932755,0.2551794871794755,0.622848205128264,17.02000000000025,0.8413426551468318,2.208416302047367,5:1,96,kv-t-c0.7,True
3211.3128315105787,0.0303589743589896,0.26174358974361667,0.6826666666666483,17.02000000000025,0.8419455592643109,2.208040121434212,5:1,96,kv-t-c0.8,True
3211.215728115704,0.0303589743589896,0.256820512820525,0.633435897435902,17.02000000000025,0.8449009760794026,2.207973354911279,5:1,96,kv-t-c0.9,True
3211.725183643939,0.0303589743589896,0.26174358974361667,0.6826666666666483,17.02000000000025,0.8443512425370078,2.2083236472388874,5:1,96,kv-t-c1.0,True
3211.9233483909316,0.0303589743589896,0.2551794871794755,0.6687179487179264,17.02000000000025,0.8394383270392,2.2084599017039523,5:1,96,kv-s1.5-c0.8,True
3211.931998729371,0.0303589743589896,0.26174358974361667,0.644923076923078,17.02000000000025,0.845759235877222,2.208465849518862,5:1,96,kv-s3.0-c0.8,True
3152.743248564425,1.4965425641023558,6.5538107692306085,8.546195897436405,19.259999999999703,0.1303258717292965,2.1677687446403344,5:1,128,rr,False
3190.362355714027,0.9733041025641569,2.4135184615380467,2.9784179487178903,19.259999999999703,0.23387705000521436,2.193634956459935,5:1,128,ll,True
3236.675085110652,0.031179487179485932,0.2921025641025494,0.9772307692307436,19.259999999999703,0.8284536969865975,2.225478744345518,5:1,128,kv-nvda,True
3236.675085110652,0.031179487179485932,0.2921025641025494,0.9772307692307436,19.259999999999703,0.8284536969865975,2.225478744345518,5:1,128,kv-t-c0.5,True
3236.3125061515466,0.031999999999982265,0.2921025641025494,0.827497948718019,19.259999999999703,0.8355050736823225,2.2252294416674863,5:1,128,kv-t-c0.6,True
3236.166358463865,0.031179487179542775,0.2880000000000109,0.8196923076923213,19.259999999999703,0.8390042908425893,2.225128953183497,5:1,128,kv-t-c0.7,True
3235.9970929172446,0.031179487179485932,0.2814358974358697,0.7647179487179301,19.259999999999703,0.842022690828167,2.2250125692814215,5:1,128,kv-t-c0.8,True
3236.633983341369,0.031999999999982265,0.2822564102564229,0.7112097435893929,19.259999999999703,0.8427602328825549,2.225450483518747,5:1,128,kv-t-c0.9,True
3236.8447226804656,0.031179487179542775,0.2814358974358697,0.6974358974358665,19.259999999999703,0.8433140740230249,2.225595384043954,5:1,128,kv-t-c1.0,True
3236.3125061515466,0.031999999999982265,0.2921025641025494,0.827497948718019,19.259999999999703,0.8355050736823225,2.2252294416674863,5:1,128,kv-s1.5-c0.8,True
3236.7106173547118,0.031179487179542775,0.2822564102564229,0.7395625641026982,19.259999999999703,0.8443503297374355,2.2255031756683463,5:1,128,kv-s3.0-c0.8,True
3069.1237537025654,2.1427692307693746,11.210756410256295,13.760397435897744,21.5,0.1303258717292965,2.1102735053795127,5:1,160,rr,False
3131.886319050305,1.0789743589743352,2.7363205128203845,3.50711538461519,21.5,0.23250556864789054,2.1534279003833645,5:1,160,ll,False
3170.2081177280947,0.031179487179542775,0.2880000000000109,0.9099487179487369,21.5,0.8267497283850773,2.1797772700790854,5:1,160,kv-nvda,False
3170.2081177280947,0.031179487179542775,0.2880000000000109,0.9099487179487369,21.5,0.8267497283850773,2.1797772700790854,5:1,160,kv-t-c0.5,False
3170.3642726968615,0.031179487179542775,0.28471794871796874,0.8196923076923213,21.5,0.833055347830264,2.1798846393869944,5:1,160,kv-t-c0.6,False
3171.1104849456124,0.031179487179542775,0.2822564102564229,0.7874615384615424,21.5,0.8372473798658778,2.1803977213166585,5:1,160,kv-t-c0.7,False
3171.00766049513,0.031179487179542775,0.26912820512819735,0.6974358974358665,21.5,0.8399264466104671,2.1803270211002546,5:1,160,kv-t-c0.8,False
3170.582561038562,0.031179487179542775,0.26912820512819735,0.6153846153846416,21.5,0.8421187629831477,2.180034730468681,5:1,160,kv-t-c0.9,False
3170.929305649529,0.031179487179542775,0.2822564102564229,0.6826666666666767,21.5,0.8432161762688998,2.1802731457377864,5:1,160,kv-t-c1.0,False
3170.3642726968615,0.031179487179542775,0.28471794871796874,0.8196923076923213,21.5,0.833055347830264,2.1798846393869944,5:1,160,kv-s1.5-c0.8,False
3170.2350062958376,0.031179487179542775,0.28020512820478416,0.6621794871795714,21.5,0.845062541603693,2.1797957581677583,5:1,160,kv-s3.0-c0.8,False
2919.1512457498748,3.4421497435897095,17.95822307692322,22.91286871794955,23.739999999999853,0.1303258717292965,2.0071551447444684,5:1,192,rr,False
3027.0301296954003,1.2665169230770061,3.4579846153845892,4.388323589743493,23.739999999999853,0.24182662148004516,2.081330697393825,5:1,192,ll,False
3071.218094542528,0.031999999999982265,0.3011282051281796,1.0420512820512897,23.739999999999853,0.8205059511109113,2.1117135359356203,5:1,192,kv-nvda,False
3071.218094542528,0.031999999999982265,0.3011282051281796,1.0420512820512897,23.739999999999853,0.8205059511109113,2.1117135359356203,5:1,192,kv-t-c0.5,False
3070.536285509369,0.031179487179485932,0.2756923076922817,0.9099487179487369,23.739999999999853,0.8327933743530248,2.1112447364821385,5:1,192,kv-t-c0.6,False
3070.2335289003927,0.031999999999982265,0.27487179487178537,0.7318974358974231,23.739999999999853,0.8362928197131847,2.1110365665607627,5:1,192,kv-t-c0.7,False
3071.0186889966317,0.031999999999982265,0.2748717948718422,0.6949743589743775,23.739999999999853,0.8389136954850422,2.111576428319864,5:1,192,kv-t-c0.8,False
3071.3194468096344,0.031179487179542775,0.27405128205128904,0.6949743589743775,23.739999999999853,0.841029793093439,2.1117832239055914,5:1,192,kv-t-c0.9,False
3071.223821777578,0.031179487179485932,0.2814358974358697,0.6949743589743775,23.739999999999853,0.8415717678394696,2.111717473877963,5:1,192,kv-t-c1.0,False
3070.536285509369,0.031179487179485932,0.2756923076922817,0.9099487179487369,23.739999999999853,0.8327933743530248,2.1112447364821385,5:1,192,kv-s1.5-c0.8,False
3071.0633675026315,0.031999999999982265,0.27487179487178537,0.6342564102563983,23.739999999999853,0.8430000709701667,2.111607148445554,5:1,192,kv-s3.0-c0.8,False
2616.0233560931492,8.143561538461938,28.538381538461863,37.638163076923774,28.22000000000074,0.1303258717292965,1.7987299375456762,5:1,256,rr,False
2783.423861422302,2.6459358974362885,5.097545128205013,5.892654871794832,28.22000000000074,0.2635695072913289,1.913831471251211,5:1,256,ll,False
2826.450709064352,0.031999999999982265,0.29620512820511635,0.9099487179487369,28.22000000000074,0.8168006694472063,1.9434159467841643,5:1,256,kv-nvda,False
2826.450709064352,0.031999999999982265,0.29620512820511635,0.9099487179487369,28.22000000000074,0.8168006694472063,1.9434159467841643,5:1,256,kv-t-c0.5,False
2825.7918612822828,0.03200000000001069,0.3150769230769015,0.9575384615384621,28.22000000000074,0.8266034522536223,1.9429629350680673,5:1,256,kv-t-c0.6,False
2826.15775852844,0.031999999999982265,0.2822564102564229,0.7097435897435957,28.22000000000074,0.8329382812851214,1.9432145193397425,5:1,256,kv-t-c0.7,False
2825.824809750735,0.031179487179485932,0.28471794871796874,0.7097435897435957,28.22000000000074,0.8351789760351318,1.9429855898339214,5:1,256,kv-t-c0.8,False
2825.9556820542703,0.03200000000001069,0.2912820512820531,0.7774769230769039,28.22000000000074,0.8393755720686069,1.9430755752424296,5:1,256,kv-t-c0.9,False
2826.431128876832,0.031999999999982265,0.28471794871796874,0.6974358974359234,28.22000000000074,0.8418120623268676,1.943402483804412,5:1,256,kv-t-c1.0,False
2825.7918612822828,0.03200000000001069,0.3150769230769015,0.9575384615384621,28.22000000000074,0.8266034522536223,1.9429629350680673,5:1,256,kv-s1.5-c0.8,False
2826.0224096879256,0.031999999999982265,0.2880000000000109,0.8196923076923213,28.22000000000074,0.8420404904198262,1.94312145594607,5:1,256,kv-s3.0-c0.8,False
2357.741216298499,15.452643589743388,38.33310000000063,47.368828205128466,32.69999999999881,0.1303258717292965,1.621139849865491,5:1,320,rr,False
2509.3977054456864,6.775207692307731,9.511915384615747,10.664610256410185,32.69999999999881,0.26289951240528847,1.725416085250296,5:1,320,ll,False
2582.4052618075766,0.03282051282053544,0.365128205128201,0.9973743589744117,32.69999999999881,0.8132656249037282,1.775614749183979,5:1,320,kv-nvda,False
2582.4052618075766,0.03282051282053544,0.365128205128201,0.9973743589744117,32.69999999999881,0.8132656249037282,1.775614749183979,5:1,320,kv-t-c0.5,False
2582.2313180181095,0.03282051282050702,0.31753846153847576,0.9099487179487369,32.69999999999881,0.8258056654274651,1.7754951486074644,5:1,320,kv-t-c0.6,False
2582.0767686574854,0.03282051282050702,0.340720512820468,0.9566692307692506,32.69999999999881,0.8279820078076311,1.7753888832864244,5:1,320,kv-t-c0.7,False
2581.730091732496,0.03282051282050702,0.31233589743590073,0.8410538461538977,32.69999999999881,0.8360518406261075,1.7751505145569626,5:1,320,kv-t-c0.8,False
2581.6250639745044,0.031999999999982265,0.29374358974359893,0.6974358974359234,32.69999999999881,0.8362510591327537,1.7750782993865082,5:1,320,kv-t-c0.9,False
2581.831890327514,0.031999999999982265,0.289828205128174,0.9099487179487369,32.69999999999881,0.8411792640233969,1.7752205094138633,5:1,320,kv-t-c1.0,False
2582.2313180181095,0.03282051282050702,0.31753846153847576,0.9099487179487369,32.69999999999881,0.8258056654274651,1.7754951486074644,5:1,320,kv-s1.5-c0.8,False
2582.1250622433395,0.03200000000001069,0.2921025641025494,0.8196923076923213,32.69999999999881,0.8412951895690741,1.775422089075075,5:1,320,kv-s3.0-c0.8,False
2141.8244021618852,21.75567487179501,47.30620358974454,55.13765897436008,37.1799999999994,0.1303258717292965,1.4726793872696886,5:1,384,rr,False
2278.0210117804186,11.233128205128224,13.824743076923085,15.581801538461463,37.1799999999994,0.2694543261337028,1.5663256915132941,5:1,384,ll,False
2357.973017046132,0.03282051282050702,0.36102564102563406,1.083897435897427,37.1799999999994,0.8091575704287625,1.6212992318310009,5:1,384,kv-nvda,False
2357.973017046132,0.03282051282050702,0.36102564102563406,1.083897435897427,37.1799999999994,0.8091575704287625,1.6212992318310009,5:1,384,kv-t-c0.5,False
2358.362895070077,0.03282051282053544,0.36594871794872574,0.9649230769230712,37.1799999999994,0.8168097974429289,1.62156730484802,5:1,384,kv-t-c0.6,False
2358.959790969792,0.03282051282050702,0.3273143589743768,0.9394871794871733,37.1799999999994,0.8281008999519183,1.6219777195799507,5:1,384,kv-t-c0.7,False
2358.3706259520823,0.03282051282050702,0.3076923076923208,0.9099487179487369,37.1799999999994,0.8341135107344089,1.6215726204614584,5:1,384,kv-t-c0.8,False
2358.1688590812237,0.03282051282050702,0.3076923076923208,0.9099487179487369,37.1799999999994,0.8376106740956382,1.621433889241734,5:1,384,kv-t-c0.9,False
2358.8325351565877,0.03282051282050702,0.31885846153838315,0.8918974358974481,37.1799999999994,0.8381615486374983,1.6218902208042216,5:1,384,kv-t-c1.0,False
2358.362895070077,0.03282051282053544,0.36594871794872574,0.9649230769230712,37.1799999999994,0.8168097974429289,1.62156730484802,5:1,384,kv-s1.5-c0.8,False
2358.658465775608,0.03282051282050702,0.299621025641045,0.8196923076923213,37.1799999999994,0.8416128438202214,1.621770533873274,5:1,384,kv-s3.0-c0.8,False
